job_key,status,provider,model,part_id,family,prompt_level,replicate,generation_mode,grading_profile,attempts_used,retries_used,duration_generation_s,duration_compare_s,duration_total_s,reference_path,generated_step_path,result_json_path,pass_rate,overall_pass,quality_score_0_100,scored_metrics,computed_metrics,pass_count,fail_count,error_type,error_message,resume_skipped,source_row_idx
box_hole_0001__L2__anthropic__claude-opus-4-6__r1,success,anthropic,claude-opus-4-6,box_hole_0001,box_hole,L2,1,generate,full_44,1,0,6.435807228088379,2.442891836166382,8.878859758377075,./reference_step files/box_hole_0001.step,./.stepscore_harness_runs/final73_anthropic_run_02/jobs/box_hole_0001__L2__anthropic__claude-opus-4-6__r1/attempt_01/generated.step,./.stepscore_harness_runs/final73_anthropic_run_02/jobs/box_hole_0001__L2__anthropic__claude-opus-4-6__r1/result.json,0.7045454545454546,False,67.84797435714958,44,44,31,13,,,False,0
box_hole_0001__L3__anthropic__claude-opus-4-6__r1,success,anthropic,claude-opus-4-6,box_hole_0001,box_hole,L3,1,generate,full_44,1,0,6.435842990875244,1.9035558700561523,8.339577913284302,./reference_step files/box_hole_0001.step,./.stepscore_harness_runs/final73_anthropic_run_02/jobs/box_hole_0001__L3__anthropic__claude-opus-4-6__r1/attempt_01/generated.step,./.stepscore_harness_runs/final73_anthropic_run_02/jobs/box_hole_0001__L3__anthropic__claude-opus-4-6__r1/result.json,0.9772727272727273,False,90.8849500394264,44,44,43,1,,,False,1
box_hole_0002__L2__anthropic__claude-opus-4-6__r1,success,anthropic,claude-opus-4-6,box_hole_0002,box_hole,L2,1,generate,full_44,1,0,4.051700115203857,1.6735210418701172,5.725358009338379,./reference_step files/box_hole_0002.step,./.stepscore_harness_runs/final73_anthropic_run_02/jobs/box_hole_0002__L2__anthropic__claude-opus-4-6__r1/attempt_01/generated.step,./.stepscore_harness_runs/final73_anthropic_run_02/jobs/box_hole_0002__L2__anthropic__claude-opus-4-6__r1/result.json,0.6590909090909091,False,62.67950418761317,44,44,29,15,,,False,2
box_hole_0002__L3__anthropic__claude-opus-4-6__r1,success,anthropic,claude-opus-4-6,box_hole_0002,box_hole,L3,1,generate,full_44,1,0,4.550371885299683,0.47493886947631836,5.025446176528931,./reference_step files/box_hole_0002.step,./.stepscore_harness_runs/final73_anthropic_run_02/jobs/box_hole_0002__L3__anthropic__claude-opus-4-6__r1/attempt_01/generated.step,./.stepscore_harness_runs/final73_anthropic_run_02/jobs/box_hole_0002__L3__anthropic__claude-opus-4-6__r1/result.json,0.9772727272727273,False,90.88495003942401,44,44,43,1,,,False,3
box_hole_0003__L2__anthropic__claude-opus-4-6__r1,success,anthropic,claude-opus-4-6,box_hole_0003,box_hole,L2,1,generate,full_44,1,0,4.073492050170898,0.9053258895874023,4.978949069976807,./reference_step files/box_hole_0003.step,./.stepscore_harness_runs/final73_anthropic_run_02/jobs/box_hole_0003__L2__anthropic__claude-opus-4-6__r1/attempt_01/generated.step,./.stepscore_harness_runs/final73_anthropic_run_02/jobs/box_hole_0003__L2__anthropic__claude-opus-4-6__r1/result.json,0.7954545454545454,False,71.17953412299764,44,44,35,9,,,False,4
box_hole_0003__L3__anthropic__claude-opus-4-6__r1,success,anthropic,claude-opus-4-6,box_hole_0003,box_hole,L3,1,generate,full_44,1,0,4.258304119110107,0.34350109100341797,4.601935863494873,./reference_step files/box_hole_0003.step,./.stepscore_harness_runs/final73_anthropic_run_02/jobs/box_hole_0003__L3__anthropic__claude-opus-4-6__r1/attempt_01/generated.step,./.stepscore_harness_runs/final73_anthropic_run_02/jobs/box_hole_0003__L3__anthropic__claude-opus-4-6__r1/result.json,0.9772727272727273,False,90.88495003942857,44,44,43,1,,,False,5
box_hole_0004__L2__anthropic__claude-opus-4-6__r1,success,anthropic,claude-opus-4-6,box_hole_0004,box_hole,L2,1,generate,full_44,1,0,4.069199085235596,1.6542689800262451,5.72359299659729,./reference_step files/box_hole_0004.step,./.stepscore_harness_runs/final73_anthropic_run_02/jobs/box_hole_0004__L2__anthropic__claude-opus-4-6__r1/attempt_01/generated.step,./.stepscore_harness_runs/final73_anthropic_run_02/jobs/box_hole_0004__L2__anthropic__claude-opus-4-6__r1/result.json,0.6590909090909091,False,62.63980602745537,44,44,29,15,,,False,6
box_hole_0004__L3__anthropic__claude-opus-4-6__r1,success,anthropic,claude-opus-4-6,box_hole_0004,box_hole,L3,1,generate,full_44,1,0,4.378406286239624,1.1747329235076904,5.553276777267456,./reference_step files/box_hole_0004.step,./.stepscore_harness_runs/final73_anthropic_run_02/jobs/box_hole_0004__L3__anthropic__claude-opus-4-6__r1/attempt_01/generated.step,./.stepscore_harness_runs/final73_anthropic_run_02/jobs/box_hole_0004__L3__anthropic__claude-opus-4-6__r1/result.json,0.9772727272727273,False,90.8849500394254,44,44,43,1,,,False,7
box_hole_0005__L2__anthropic__claude-opus-4-6__r1,success,anthropic,claude-opus-4-6,box_hole_0005,box_hole,L2,1,generate,full_44,1,0,4.248926877975464,1.1190769672393799,5.368149995803833,./reference_step files/box_hole_0005.step,./.stepscore_harness_runs/final73_anthropic_run_02/jobs/box_hole_0005__L2__anthropic__claude-opus-4-6__r1/attempt_01/generated.step,./.stepscore_harness_runs/final73_anthropic_run_02/jobs/box_hole_0005__L2__anthropic__claude-opus-4-6__r1/result.json,0.6590909090909091,False,62.26514602813181,44,44,29,15,,,False,8
box_hole_0005__L3__anthropic__claude-opus-4-6__r1,success,anthropic,claude-opus-4-6,box_hole_0005,box_hole,L3,1,generate,full_44,1,0,4.357709884643555,0.3492109775543213,4.7070558071136475,./reference_step files/box_hole_0005.step,./.stepscore_harness_runs/final73_anthropic_run_02/jobs/box_hole_0005__L3__anthropic__claude-opus-4-6__r1/attempt_01/generated.step,./.stepscore_harness_runs/final73_anthropic_run_02/jobs/box_hole_0005__L3__anthropic__claude-opus-4-6__r1/result.json,0.9772727272727273,False,90.88495003942292,44,44,43,1,,,False,9
box_hole_0006__L2__anthropic__claude-opus-4-6__r1,success,anthropic,claude-opus-4-6,box_hole_0006,box_hole,L2,1,generate,full_44,1,0,3.8341469764709473,0.8924129009246826,4.726696968078613,./reference_step files/box_hole_0006.step,./.stepscore_harness_runs/final73_anthropic_run_02/jobs/box_hole_0006__L2__anthropic__claude-opus-4-6__r1/attempt_01/generated.step,./.stepscore_harness_runs/final73_anthropic_run_02/jobs/box_hole_0006__L2__anthropic__claude-opus-4-6__r1/result.json,0.75,False,64.90656499612787,44,44,33,11,,,False,10
box_hole_0006__L3__anthropic__claude-opus-4-6__r1,success,anthropic,claude-opus-4-6,box_hole_0006,box_hole,L3,1,generate,full_44,1,0,4.641462087631226,0.4376559257507324,5.07925820350647,./reference_step files/box_hole_0006.step,./.stepscore_harness_runs/final73_anthropic_run_02/jobs/box_hole_0006__L3__anthropic__claude-opus-4-6__r1/attempt_01/generated.step,./.stepscore_harness_runs/final73_anthropic_run_02/jobs/box_hole_0006__L3__anthropic__claude-opus-4-6__r1/result.json,0.9772727272727273,False,90.88495003942242,44,44,43,1,,,False,11
box_hole_0007__L2__anthropic__claude-opus-4-6__r1,success,anthropic,claude-opus-4-6,box_hole_0007,box_hole,L2,1,generate,full_44,1,0,4.090943098068237,1.0354957580566406,5.126563787460327,./reference_step files/box_hole_0007.step,./.stepscore_harness_runs/final73_anthropic_run_02/jobs/box_hole_0007__L2__anthropic__claude-opus-4-6__r1/attempt_01/generated.step,./.stepscore_harness_runs/final73_anthropic_run_02/jobs/box_hole_0007__L2__anthropic__claude-opus-4-6__r1/result.json,0.75,False,64.24593959824497,44,44,33,11,,,False,12
box_hole_0007__L3__anthropic__claude-opus-4-6__r1,success,anthropic,claude-opus-4-6,box_hole_0007,box_hole,L3,1,generate,full_44,1,0,4.778786897659302,0.4394409656524658,5.218365907669067,./reference_step files/box_hole_0007.step,./.stepscore_harness_runs/final73_anthropic_run_02/jobs/box_hole_0007__L3__anthropic__claude-opus-4-6__r1/attempt_01/generated.step,./.stepscore_harness_runs/final73_anthropic_run_02/jobs/box_hole_0007__L3__anthropic__claude-opus-4-6__r1/result.json,0.9772727272727273,False,90.88495003942045,44,44,43,1,,,False,13
box_hole_0008__L2__anthropic__claude-opus-4-6__r1,success,anthropic,claude-opus-4-6,box_hole_0008,box_hole,L2,1,generate,full_44,1,0,4.352494239807129,0.8586838245391846,5.211353063583374,./reference_step files/box_hole_0008.step,./.stepscore_harness_runs/final73_anthropic_run_02/jobs/box_hole_0008__L2__anthropic__claude-opus-4-6__r1/attempt_01/generated.step,./.stepscore_harness_runs/final73_anthropic_run_02/jobs/box_hole_0008__L2__anthropic__claude-opus-4-6__r1/result.json,0.7727272727272727,False,69.88285376177033,44,44,34,10,,,False,14
box_hole_0008__L3__anthropic__claude-opus-4-6__r1,success,anthropic,claude-opus-4-6,box_hole_0008,box_hole,L3,1,generate,full_44,1,0,4.554768085479736,0.30980491638183594,4.86470890045166,./reference_step files/box_hole_0008.step,./.stepscore_harness_runs/final73_anthropic_run_02/jobs/box_hole_0008__L3__anthropic__claude-opus-4-6__r1/attempt_01/generated.step,./.stepscore_harness_runs/final73_anthropic_run_02/jobs/box_hole_0008__L3__anthropic__claude-opus-4-6__r1/result.json,0.9772727272727273,False,90.88495003942593,44,44,43,1,,,False,15
box_hole_0009__L2__anthropic__claude-opus-4-6__r1,success,anthropic,claude-opus-4-6,box_hole_0009,box_hole,L2,1,generate,full_44,1,0,4.086207151412964,1.0375349521636963,5.123859882354736,./reference_step files/box_hole_0009.step,./.stepscore_harness_runs/final73_anthropic_run_02/jobs/box_hole_0009__L2__anthropic__claude-opus-4-6__r1/attempt_01/generated.step,./.stepscore_harness_runs/final73_anthropic_run_02/jobs/box_hole_0009__L2__anthropic__claude-opus-4-6__r1/result.json,0.75,False,65.50929156711759,44,44,33,11,,,False,16
box_hole_0009__L3__anthropic__claude-opus-4-6__r1,success,anthropic,claude-opus-4-6,box_hole_0009,box_hole,L3,1,generate,full_44,1,0,4.343282222747803,0.4866819381713867,4.830100059509277,./reference_step files/box_hole_0009.step,./.stepscore_harness_runs/final73_anthropic_run_02/jobs/box_hole_0009__L3__anthropic__claude-opus-4-6__r1/attempt_01/generated.step,./.stepscore_harness_runs/final73_anthropic_run_02/jobs/box_hole_0009__L3__anthropic__claude-opus-4-6__r1/result.json,0.9772727272727273,False,90.88495003941956,44,44,43,1,,,False,17
flange_0010__L2__anthropic__claude-opus-4-6__r1,success,anthropic,claude-opus-4-6,flange_0010,flange,L2,1,generate,full_44,1,0,8.747782230377197,2.196053981781006,10.943974256515503,./reference_step files/flange_0010.step,./.stepscore_harness_runs/final73_anthropic_run_02/jobs/flange_0010__L2__anthropic__claude-opus-4-6__r1/attempt_01/generated.step,./.stepscore_harness_runs/final73_anthropic_run_02/jobs/flange_0010__L2__anthropic__claude-opus-4-6__r1/result.json,0.5681818181818182,False,54.39415193430547,44,44,25,19,,,False,18
flange_0010__L3__anthropic__claude-opus-4-6__r1,success,anthropic,claude-opus-4-6,flange_0010,flange,L3,1,generate,full_44,1,0,8.32799220085144,1.9553468227386475,10.283476829528809,./reference_step files/flange_0010.step,./.stepscore_harness_runs/final73_anthropic_run_02/jobs/flange_0010__L3__anthropic__claude-opus-4-6__r1/attempt_01/generated.step,./.stepscore_harness_runs/final73_anthropic_run_02/jobs/flange_0010__L3__anthropic__claude-opus-4-6__r1/result.json,0.5227272727272727,False,50.88523863795048,44,44,23,21,,,False,19
flange_0011__L2__anthropic__claude-opus-4-6__r1,success,anthropic,claude-opus-4-6,flange_0011,flange,L2,1,generate,full_44,1,0,7.10503888130188,1.6429650783538818,8.748142719268799,./reference_step files/flange_0011.step,./.stepscore_harness_runs/final73_anthropic_run_02/jobs/flange_0011__L2__anthropic__claude-opus-4-6__r1/attempt_01/generated.step,./.stepscore_harness_runs/final73_anthropic_run_02/jobs/flange_0011__L2__anthropic__claude-opus-4-6__r1/result.json,0.8181818181818182,False,74.48276238508362,44,44,36,8,,,False,20
flange_0011__L3__anthropic__claude-opus-4-6__r1,success,anthropic,claude-opus-4-6,flange_0011,flange,L3,1,generate,full_44,1,0,7.7242817878723145,1.2656691074371338,8.990102052688599,./reference_step files/flange_0011.step,./.stepscore_harness_runs/final73_anthropic_run_02/jobs/flange_0011__L3__anthropic__claude-opus-4-6__r1/attempt_01/generated.step,./.stepscore_harness_runs/final73_anthropic_run_02/jobs/flange_0011__L3__anthropic__claude-opus-4-6__r1/result.json,0.5,False,49.84538200536226,44,44,22,22,,,False,21
flange_0012__L2__anthropic__claude-opus-4-6__r1,success,anthropic,claude-opus-4-6,flange_0012,flange,L2,1,generate,full_44,1,0,7.436395883560181,1.474395751953125,8.910919904708862,./reference_step files/flange_0012.step,./.stepscore_harness_runs/final73_anthropic_run_02/jobs/flange_0012__L2__anthropic__claude-opus-4-6__r1/attempt_01/generated.step,./.stepscore_harness_runs/final73_anthropic_run_02/jobs/flange_0012__L2__anthropic__claude-opus-4-6__r1/result.json,0.13636363636363635,False,11.9728226080726,44,44,6,38,,,False,22
flange_0012__L3__anthropic__claude-opus-4-6__r1,success,anthropic,claude-opus-4-6,flange_0012,flange,L3,1,generate,full_44,1,0,7.107754945755005,1.258253812789917,8.366144895553589,./reference_step files/flange_0012.step,./.stepscore_harness_runs/final73_anthropic_run_02/jobs/flange_0012__L3__anthropic__claude-opus-4-6__r1/attempt_01/generated.step,./.stepscore_harness_runs/final73_anthropic_run_02/jobs/flange_0012__L3__anthropic__claude-opus-4-6__r1/result.json,0.13636363636363635,False,11.973425621998869,44,44,6,38,,,False,23
flange_0013__L2__anthropic__claude-opus-4-6__r1,success,anthropic,claude-opus-4-6,flange_0013,flange,L2,1,generate,full_44,1,0,6.928246974945068,2.1321861743927,9.060574293136597,./reference_step files/flange_0013.step,./.stepscore_harness_runs/final73_anthropic_run_02/jobs/flange_0013__L2__anthropic__claude-opus-4-6__r1/attempt_01/generated.step,./.stepscore_harness_runs/final73_anthropic_run_02/jobs/flange_0013__L2__anthropic__claude-opus-4-6__r1/result.json,0.7727272727272727,False,70.52427997438318,44,44,34,10,,,False,24
flange_0013__L3__anthropic__claude-opus-4-6__r1,success,anthropic,claude-opus-4-6,flange_0013,flange,L3,1,generate,full_44,1,0,6.696364879608154,2.171121835708618,8.867624759674072,./reference_step files/flange_0013.step,./.stepscore_harness_runs/final73_anthropic_run_02/jobs/flange_0013__L3__anthropic__claude-opus-4-6__r1/attempt_01/generated.step,./.stepscore_harness_runs/final73_anthropic_run_02/jobs/flange_0013__L3__anthropic__claude-opus-4-6__r1/result.json,0.7954545454545454,False,70.82954254222003,44,44,35,9,,,False,25
flange_0014__L2__anthropic__claude-opus-4-6__r1,success,anthropic,claude-opus-4-6,flange_0014,flange,L2,1,generate,full_44,1,0,6.421272277832031,2.0424139499664307,8.463808059692383,./reference_step files/flange_0014.step,./.stepscore_harness_runs/final73_anthropic_run_02/jobs/flange_0014__L2__anthropic__claude-opus-4-6__r1/attempt_01/generated.step,./.stepscore_harness_runs/final73_anthropic_run_02/jobs/flange_0014__L2__anthropic__claude-opus-4-6__r1/result.json,0.5227272727272727,False,49.67092871147174,44,44,23,21,,,False,26
flange_0014__L3__anthropic__claude-opus-4-6__r1,success,anthropic,claude-opus-4-6,flange_0014,flange,L3,1,generate,full_44,1,0,6.532898902893066,1.683784008026123,8.216811895370483,./reference_step files/flange_0014.step,./.stepscore_harness_runs/final73_anthropic_run_02/jobs/flange_0014__L3__anthropic__claude-opus-4-6__r1/attempt_01/generated.step,./.stepscore_harness_runs/final73_anthropic_run_02/jobs/flange_0014__L3__anthropic__claude-opus-4-6__r1/result.json,0.5227272727272727,False,49.90132743755916,44,44,23,21,,,False,27
flange_0015__L2__anthropic__claude-opus-4-6__r1,success,anthropic,claude-opus-4-6,flange_0015,flange,L2,1,generate,full_44,1,0,9.940890073776245,1.444070816040039,11.385091781616211,./reference_step files/flange_0015.step,./.stepscore_harness_runs/final73_anthropic_run_02/jobs/flange_0015__L2__anthropic__claude-opus-4-6__r1/attempt_01/generated.step,./.stepscore_harness_runs/final73_anthropic_run_02/jobs/flange_0015__L2__anthropic__claude-opus-4-6__r1/result.json,0.8636363636363636,False,76.8183037940124,44,44,38,6,,,False,28
flange_0015__L3__anthropic__claude-opus-4-6__r1,success,anthropic,claude-opus-4-6,flange_0015,flange,L3,1,generate,full_44,1,0,7.559783935546875,1.648392915725708,9.208314895629883,./reference_step files/flange_0015.step,./.stepscore_harness_runs/final73_anthropic_run_02/jobs/flange_0015__L3__anthropic__claude-opus-4-6__r1/attempt_01/generated.step,./.stepscore_harness_runs/final73_anthropic_run_02/jobs/flange_0015__L3__anthropic__claude-opus-4-6__r1/result.json,0.8636363636363636,False,76.82159437962775,44,44,38,6,,,False,29
flange_0016__L2__anthropic__claude-opus-4-6__r1,success,anthropic,claude-opus-4-6,flange_0016,flange,L2,1,generate,full_44,1,0,6.4786176681518555,1.6205627918243408,8.099398851394653,./reference_step files/flange_0016.step,./.stepscore_harness_runs/final73_anthropic_run_02/jobs/flange_0016__L2__anthropic__claude-opus-4-6__r1/attempt_01/generated.step,./.stepscore_harness_runs/final73_anthropic_run_02/jobs/flange_0016__L2__anthropic__claude-opus-4-6__r1/result.json,0.6363636363636364,False,62.78559049489275,44,44,28,16,,,False,30
flange_0016__L3__anthropic__claude-opus-4-6__r1,success,anthropic,claude-opus-4-6,flange_0016,flange,L3,1,generate,full_44,1,0,6.406821966171265,1.5334749221801758,7.94043493270874,./reference_step files/flange_0016.step,./.stepscore_harness_runs/final73_anthropic_run_02/jobs/flange_0016__L3__anthropic__claude-opus-4-6__r1/attempt_01/generated.step,./.stepscore_harness_runs/final73_anthropic_run_02/jobs/flange_0016__L3__anthropic__claude-opus-4-6__r1/result.json,0.6590909090909091,False,64.82417226117539,44,44,29,15,,,False,31
flange_0017__L2__anthropic__claude-opus-4-6__r1,success,anthropic,claude-opus-4-6,flange_0017,flange,L2,1,generate,full_44,1,0,9.429607152938843,1.203732967376709,10.633514881134033,./reference_step files/flange_0017.step,./.stepscore_harness_runs/final73_anthropic_run_02/jobs/flange_0017__L2__anthropic__claude-opus-4-6__r1/attempt_01/generated.step,./.stepscore_harness_runs/final73_anthropic_run_02/jobs/flange_0017__L2__anthropic__claude-opus-4-6__r1/result.json,0.8409090909090909,False,79.82882107821074,44,44,37,7,,,False,32
flange_0017__L3__anthropic__claude-opus-4-6__r1,success,anthropic,claude-opus-4-6,flange_0017,flange,L3,1,generate,full_44,1,0,6.59108304977417,0.352161169052124,6.94337797164917,./reference_step files/flange_0017.step,./.stepscore_harness_runs/final73_anthropic_run_02/jobs/flange_0017__L3__anthropic__claude-opus-4-6__r1/attempt_01/generated.step,./.stepscore_harness_runs/final73_anthropic_run_02/jobs/flange_0017__L3__anthropic__claude-opus-4-6__r1/result.json,0.9772727272727273,False,90.88485725195294,44,44,43,1,,,False,33
flange_0018__L2__anthropic__claude-opus-4-6__r1,success,anthropic,claude-opus-4-6,flange_0018,flange,L2,1,generate,full_44,1,0,6.5324461460113525,1.625438928604126,8.15800929069519,./reference_step files/flange_0018.step,./.stepscore_harness_runs/final73_anthropic_run_02/jobs/flange_0018__L2__anthropic__claude-opus-4-6__r1/attempt_01/generated.step,./.stepscore_harness_runs/final73_anthropic_run_02/jobs/flange_0018__L2__anthropic__claude-opus-4-6__r1/result.json,0.7045454545454546,False,68.61981054339995,44,44,31,13,,,False,34
flange_0018__L3__anthropic__claude-opus-4-6__r1,success,anthropic,claude-opus-4-6,flange_0018,flange,L3,1,generate,full_44,1,0,10.485280990600586,1.5921809673309326,12.077590703964233,./reference_step files/flange_0018.step,./.stepscore_harness_runs/final73_anthropic_run_02/jobs/flange_0018__L3__anthropic__claude-opus-4-6__r1/attempt_01/generated.step,./.stepscore_harness_runs/final73_anthropic_run_02/jobs/flange_0018__L3__anthropic__claude-opus-4-6__r1/result.json,0.6363636363636364,False,63.994851769245685,44,44,28,16,,,False,35
keyed_shaft_hub_0056__L2__anthropic__claude-opus-4-6__r1,success,anthropic,claude-opus-4-6,keyed_shaft_hub_0056,keyed_shaft_hub,L2,1,generate,full_44,1,0,9.194659948348999,2.210993766784668,11.405793905258179,./reference_step files/keyed_shaft_hub_0056.step,./.stepscore_harness_runs/final73_anthropic_run_02/jobs/keyed_shaft_hub_0056__L2__anthropic__claude-opus-4-6__r1/attempt_01/generated.step,./.stepscore_harness_runs/final73_anthropic_run_02/jobs/keyed_shaft_hub_0056__L2__anthropic__claude-opus-4-6__r1/result.json,0.25,False,21.351584321599557,44,44,11,33,,,False,110
keyed_shaft_hub_0056__L3__anthropic__claude-opus-4-6__r1,success,anthropic,claude-opus-4-6,keyed_shaft_hub_0056,keyed_shaft_hub,L3,1,generate,full_44,1,0,8.462258100509644,2.245966911315918,10.708354949951172,./reference_step files/keyed_shaft_hub_0056.step,./.stepscore_harness_runs/final73_anthropic_run_02/jobs/keyed_shaft_hub_0056__L3__anthropic__claude-opus-4-6__r1/attempt_01/generated.step,./.stepscore_harness_runs/final73_anthropic_run_02/jobs/keyed_shaft_hub_0056__L3__anthropic__claude-opus-4-6__r1/result.json,0.25,False,21.079485985275547,44,44,11,33,,,False,111
keyed_shaft_hub_0059__L2__anthropic__claude-opus-4-6__r1,success,anthropic,claude-opus-4-6,keyed_shaft_hub_0059,keyed_shaft_hub,L2,1,generate,full_44,1,0,14.028385877609253,2.7314870357513428,16.760029077529907,./reference_step files/keyed_shaft_hub_0059.step,./.stepscore_harness_runs/final73_anthropic_run_02/jobs/keyed_shaft_hub_0059__L2__anthropic__claude-opus-4-6__r1/attempt_01/generated.step,./.stepscore_harness_runs/final73_anthropic_run_02/jobs/keyed_shaft_hub_0059__L2__anthropic__claude-opus-4-6__r1/result.json,0.5,False,48.39128438499853,44,44,22,22,,,False,116
keyed_shaft_hub_0059__L3__anthropic__claude-opus-4-6__r1,success,anthropic,claude-opus-4-6,keyed_shaft_hub_0059,keyed_shaft_hub,L3,1,generate,full_44,1,0,10.493531703948975,2.275146961212158,12.768815994262695,./reference_step files/keyed_shaft_hub_0059.step,./.stepscore_harness_runs/final73_anthropic_run_02/jobs/keyed_shaft_hub_0059__L3__anthropic__claude-opus-4-6__r1/attempt_01/generated.step,./.stepscore_harness_runs/final73_anthropic_run_02/jobs/keyed_shaft_hub_0059__L3__anthropic__claude-opus-4-6__r1/result.json,0.5,False,48.740198036308,44,44,22,22,,,False,117
keyed_shaft_hub_0062__L2__anthropic__claude-opus-4-6__r1,success,anthropic,claude-opus-4-6,keyed_shaft_hub_0062,keyed_shaft_hub,L2,1,generate,full_44,1,0,10.339185953140259,1.3522610664367676,11.691622018814087,./reference_step files/keyed_shaft_hub_0062.step,./.stepscore_harness_runs/final73_anthropic_run_02/jobs/keyed_shaft_hub_0062__L2__anthropic__claude-opus-4-6__r1/attempt_01/generated.step,./.stepscore_harness_runs/final73_anthropic_run_02/jobs/keyed_shaft_hub_0062__L2__anthropic__claude-opus-4-6__r1/result.json,0.4772727272727273,False,45.637530876825075,44,44,21,23,,,False,122
keyed_shaft_hub_0062__L3__anthropic__claude-opus-4-6__r1,success,anthropic,claude-opus-4-6,keyed_shaft_hub_0062,keyed_shaft_hub,L3,1,generate,full_44,1,0,11.45752215385437,1.8157057762145996,13.273374795913696,./reference_step files/keyed_shaft_hub_0062.step,./.stepscore_harness_runs/final73_anthropic_run_02/jobs/keyed_shaft_hub_0062__L3__anthropic__claude-opus-4-6__r1/attempt_01/generated.step,./.stepscore_harness_runs/final73_anthropic_run_02/jobs/keyed_shaft_hub_0062__L3__anthropic__claude-opus-4-6__r1/result.json,0.5454545454545454,False,52.443113685456524,44,44,24,20,,,False,123
keyed_shaft_hub_0065__L2__anthropic__claude-opus-4-6__r1,success,anthropic,claude-opus-4-6,keyed_shaft_hub_0065,keyed_shaft_hub,L2,1,generate,full_44,1,0,9.814916133880615,1.1716318130493164,10.986680030822754,./reference_step files/keyed_shaft_hub_0065.step,./.stepscore_harness_runs/final73_anthropic_run_02/jobs/keyed_shaft_hub_0065__L2__anthropic__claude-opus-4-6__r1/attempt_01/generated.step,./.stepscore_harness_runs/final73_anthropic_run_02/jobs/keyed_shaft_hub_0065__L2__anthropic__claude-opus-4-6__r1/result.json,0.4772727272727273,False,45.83526851313523,44,44,21,23,,,False,128
keyed_shaft_hub_0065__L3__anthropic__claude-opus-4-6__r1,success,anthropic,claude-opus-4-6,keyed_shaft_hub_0065,keyed_shaft_hub,L3,1,generate,full_44,1,0,8.934984922409058,1.2942090034484863,10.229321241378784,./reference_step files/keyed_shaft_hub_0065.step,./.stepscore_harness_runs/final73_anthropic_run_02/jobs/keyed_shaft_hub_0065__L3__anthropic__claude-opus-4-6__r1/attempt_01/generated.step,./.stepscore_harness_runs/final73_anthropic_run_02/jobs/keyed_shaft_hub_0065__L3__anthropic__claude-opus-4-6__r1/result.json,0.4318181818181818,False,44.75715549610401,44,44,19,25,,,False,129
keyed_shaft_hub_0068__L2__anthropic__claude-opus-4-6__r1,success,anthropic,claude-opus-4-6,keyed_shaft_hub_0068,keyed_shaft_hub,L2,1,generate,full_44,1,0,12.930081129074097,2.8315491676330566,15.761757135391235,./reference_step files/keyed_shaft_hub_0068.step,./.stepscore_harness_runs/final73_anthropic_run_02/jobs/keyed_shaft_hub_0068__L2__anthropic__claude-opus-4-6__r1/attempt_01/generated.step,./.stepscore_harness_runs/final73_anthropic_run_02/jobs/keyed_shaft_hub_0068__L2__anthropic__claude-opus-4-6__r1/result.json,0.5454545454545454,False,49.54975337820431,44,44,24,20,,,False,134
keyed_shaft_hub_0068__L3__anthropic__claude-opus-4-6__r1,success,anthropic,claude-opus-4-6,keyed_shaft_hub_0068,keyed_shaft_hub,L3,1,generate,full_44,1,0,9.3471200466156,2.5680088996887207,11.915351867675781,./reference_step files/keyed_shaft_hub_0068.step,./.stepscore_harness_runs/final73_anthropic_run_02/jobs/keyed_shaft_hub_0068__L3__anthropic__claude-opus-4-6__r1/attempt_01/generated.step,./.stepscore_harness_runs/final73_anthropic_run_02/jobs/keyed_shaft_hub_0068__L3__anthropic__claude-opus-4-6__r1/result.json,0.4772727272727273,False,45.68821205258971,44,44,21,23,,,False,135
keyed_shaft_hub_0071__L2__anthropic__claude-opus-4-6__r1,success,anthropic,claude-opus-4-6,keyed_shaft_hub_0071,keyed_shaft_hub,L2,1,generate,full_44,1,0,13.67289400100708,1.8333771228790283,15.506391763687134,./reference_step files/keyed_shaft_hub_0071.step,./.stepscore_harness_runs/final73_anthropic_run_02/jobs/keyed_shaft_hub_0071__L2__anthropic__claude-opus-4-6__r1/attempt_01/generated.step,./.stepscore_harness_runs/final73_anthropic_run_02/jobs/keyed_shaft_hub_0071__L2__anthropic__claude-opus-4-6__r1/result.json,0.4772727272727273,False,43.70943155882166,44,44,21,23,,,False,140
keyed_shaft_hub_0071__L3__anthropic__claude-opus-4-6__r1,success,anthropic,claude-opus-4-6,keyed_shaft_hub_0071,keyed_shaft_hub,L3,1,generate,full_44,1,0,10.09997296333313,1.6960999965667725,11.796221017837524,./reference_step files/keyed_shaft_hub_0071.step,./.stepscore_harness_runs/final73_anthropic_run_02/jobs/keyed_shaft_hub_0071__L3__anthropic__claude-opus-4-6__r1/attempt_01/generated.step,./.stepscore_harness_runs/final73_anthropic_run_02/jobs/keyed_shaft_hub_0071__L3__anthropic__claude-opus-4-6__r1/result.json,0.45454545454545453,False,41.51969600037219,44,44,20,24,,,False,141
l_bracket_0019__L2__anthropic__claude-opus-4-6__r1,success,anthropic,claude-opus-4-6,l_bracket_0019,l_bracket,L2,1,generate,full_44,1,0,13.721123933792114,2.194075107574463,15.915333032608032,./reference_step files/l_bracket_0019.step,./.stepscore_harness_runs/final73_anthropic_run_02/jobs/l_bracket_0019__L2__anthropic__claude-opus-4-6__r1/attempt_01/generated.step,./.stepscore_harness_runs/final73_anthropic_run_02/jobs/l_bracket_0019__L2__anthropic__claude-opus-4-6__r1/result.json,0.38636363636363635,False,40.18081530005516,44,44,17,27,,,False,36
l_bracket_0019__L3__anthropic__claude-opus-4-6__r1,success,anthropic,claude-opus-4-6,l_bracket_0019,l_bracket,L3,1,generate,full_44,1,0,26.454889059066772,2.3519229888916016,28.80695104598999,./reference_step files/l_bracket_0019.step,./.stepscore_harness_runs/final73_anthropic_run_02/jobs/l_bracket_0019__L3__anthropic__claude-opus-4-6__r1/attempt_01/generated.step,./.stepscore_harness_runs/final73_anthropic_run_02/jobs/l_bracket_0019__L3__anthropic__claude-opus-4-6__r1/result.json,0.6136363636363636,False,58.01700204739151,44,44,27,17,,,False,37
l_bracket_0020__L2__anthropic__claude-opus-4-6__r1,success,anthropic,claude-opus-4-6,l_bracket_0020,l_bracket,L2,1,generate,full_44,1,0,12.274466037750244,1.9627690315246582,14.237360000610352,./reference_step files/l_bracket_0020.step,./.stepscore_harness_runs/final73_anthropic_run_02/jobs/l_bracket_0020__L2__anthropic__claude-opus-4-6__r1/attempt_01/generated.step,./.stepscore_harness_runs/final73_anthropic_run_02/jobs/l_bracket_0020__L2__anthropic__claude-opus-4-6__r1/result.json,0.4772727272727273,False,51.156672863062504,44,44,21,23,,,False,38
l_bracket_0020__L3__anthropic__claude-opus-4-6__r1,success,anthropic,claude-opus-4-6,l_bracket_0020,l_bracket,L3,1,generate,full_44,1,0,14.283870935440063,1.9542510509490967,16.238250017166138,./reference_step files/l_bracket_0020.step,./.stepscore_harness_runs/final73_anthropic_run_02/jobs/l_bracket_0020__L3__anthropic__claude-opus-4-6__r1/attempt_01/generated.step,./.stepscore_harness_runs/final73_anthropic_run_02/jobs/l_bracket_0020__L3__anthropic__claude-opus-4-6__r1/result.json,0.4772727272727273,False,51.36884550339704,44,44,21,23,,,False,39
l_bracket_0021__L2__anthropic__claude-opus-4-6__r1,success,anthropic,claude-opus-4-6,l_bracket_0021,l_bracket,L2,1,generate,full_44,1,0,15.062168836593628,1.4761219024658203,16.538433074951172,./reference_step files/l_bracket_0021.step,./.stepscore_harness_runs/final73_anthropic_run_02/jobs/l_bracket_0021__L2__anthropic__claude-opus-4-6__r1/attempt_01/generated.step,./.stepscore_harness_runs/final73_anthropic_run_02/jobs/l_bracket_0021__L2__anthropic__claude-opus-4-6__r1/result.json,0.4318181818181818,False,45.20937496000663,44,44,19,25,,,False,40
l_bracket_0021__L3__anthropic__claude-opus-4-6__r1,success,anthropic,claude-opus-4-6,l_bracket_0021,l_bracket,L3,1,generate,full_44,1,0,11.61168098449707,1.4527509212493896,13.064563989639282,./reference_step files/l_bracket_0021.step,./.stepscore_harness_runs/final73_anthropic_run_02/jobs/l_bracket_0021__L3__anthropic__claude-opus-4-6__r1/attempt_01/generated.step,./.stepscore_harness_runs/final73_anthropic_run_02/jobs/l_bracket_0021__L3__anthropic__claude-opus-4-6__r1/result.json,0.6363636363636364,False,59.88850621995646,44,44,28,16,,,False,41
l_bracket_0022__L2__anthropic__claude-opus-4-6__r1,success,anthropic,claude-opus-4-6,l_bracket_0022,l_bracket,L2,1,generate,full_44,1,0,13.340262174606323,2.195708990097046,15.536104917526245,./reference_step files/l_bracket_0022.step,./.stepscore_harness_runs/final73_anthropic_run_02/jobs/l_bracket_0022__L2__anthropic__claude-opus-4-6__r1/attempt_01/generated.step,./.stepscore_harness_runs/final73_anthropic_run_02/jobs/l_bracket_0022__L2__anthropic__claude-opus-4-6__r1/result.json,0.5681818181818182,False,54.00394056147682,44,44,25,19,,,False,42
l_bracket_0022__L3__anthropic__claude-opus-4-6__r1,success,anthropic,claude-opus-4-6,l_bracket_0022,l_bracket,L3,1,generate,full_44,2,1,10.701720714569092,2.508261203765869,47.20711708068848,./reference_step files/l_bracket_0022.step,./.stepscore_harness_runs/final73_anthropic_run_02/jobs/l_bracket_0022__L3__anthropic__claude-opus-4-6__r1/attempt_02/generated.step,./.stepscore_harness_runs/final73_anthropic_run_02/jobs/l_bracket_0022__L3__anthropic__claude-opus-4-6__r1/result.json,0.7045454545454546,False,64.46781099467735,44,44,31,13,,,False,43
l_bracket_0023__L2__anthropic__claude-opus-4-6__r1,success,anthropic,claude-opus-4-6,l_bracket_0023,l_bracket,L2,1,generate,full_44,1,0,16.266554832458496,1.7461192607879639,18.012806177139282,./reference_step files/l_bracket_0023.step,./.stepscore_harness_runs/final73_anthropic_run_02/jobs/l_bracket_0023__L2__anthropic__claude-opus-4-6__r1/attempt_01/generated.step,./.stepscore_harness_runs/final73_anthropic_run_02/jobs/l_bracket_0023__L2__anthropic__claude-opus-4-6__r1/result.json,0.5,False,52.73820240741547,44,44,22,22,,,False,44
l_bracket_0023__L3__anthropic__claude-opus-4-6__r1,success,anthropic,claude-opus-4-6,l_bracket_0023,l_bracket,L3,1,generate,full_44,1,0,12.61884880065918,1.7126572132110596,14.331640005111694,./reference_step files/l_bracket_0023.step,./.stepscore_harness_runs/final73_anthropic_run_02/jobs/l_bracket_0023__L3__anthropic__claude-opus-4-6__r1/attempt_01/generated.step,./.stepscore_harness_runs/final73_anthropic_run_02/jobs/l_bracket_0023__L3__anthropic__claude-opus-4-6__r1/result.json,0.7272727272727273,False,71.20793433818267,44,44,32,12,,,False,45
l_bracket_0024__L2__anthropic__claude-opus-4-6__r1,success,anthropic,claude-opus-4-6,l_bracket_0024,l_bracket,L2,1,generate,full_44,1,0,16.085366010665894,1.8150439262390137,17.900555849075317,./reference_step files/l_bracket_0024.step,./.stepscore_harness_runs/final73_anthropic_run_02/jobs/l_bracket_0024__L2__anthropic__claude-opus-4-6__r1/attempt_01/generated.step,./.stepscore_harness_runs/final73_anthropic_run_02/jobs/l_bracket_0024__L2__anthropic__claude-opus-4-6__r1/result.json,0.11363636363636363,False,12.00819271983329,44,44,5,39,,,False,46
l_bracket_0024__L3__anthropic__claude-opus-4-6__r1,success,anthropic,claude-opus-4-6,l_bracket_0024,l_bracket,L3,1,generate,full_44,1,0,25.00959801673889,1.9994409084320068,27.00917387008667,./reference_step files/l_bracket_0024.step,./.stepscore_harness_runs/final73_anthropic_run_02/jobs/l_bracket_0024__L3__anthropic__claude-opus-4-6__r1/attempt_01/generated.step,./.stepscore_harness_runs/final73_anthropic_run_02/jobs/l_bracket_0024__L3__anthropic__claude-opus-4-6__r1/result.json,0.22727272727272727,False,19.836222963003667,44,44,10,34,,,False,47
l_bracket_0025__L2__anthropic__claude-opus-4-6__r1,success,anthropic,claude-opus-4-6,l_bracket_0025,l_bracket,L2,1,generate,full_44,1,0,11.505508184432983,1.9177637100219727,13.423406839370728,./reference_step files/l_bracket_0025.step,./.stepscore_harness_runs/final73_anthropic_run_02/jobs/l_bracket_0025__L2__anthropic__claude-opus-4-6__r1/attempt_01/generated.step,./.stepscore_harness_runs/final73_anthropic_run_02/jobs/l_bracket_0025__L2__anthropic__claude-opus-4-6__r1/result.json,0.6818181818181818,False,59.823291409063174,44,44,30,14,,,False,48
l_bracket_0025__L3__anthropic__claude-opus-4-6__r1,success,anthropic,claude-opus-4-6,l_bracket_0025,l_bracket,L3,1,generate,full_44,1,0,11.404883861541748,2.2351980209350586,13.640223026275635,./reference_step files/l_bracket_0025.step,./.stepscore_harness_runs/final73_anthropic_run_02/jobs/l_bracket_0025__L3__anthropic__claude-opus-4-6__r1/attempt_01/generated.step,./.stepscore_harness_runs/final73_anthropic_run_02/jobs/l_bracket_0025__L3__anthropic__claude-opus-4-6__r1/result.json,0.6590909090909091,False,65.39695977466454,44,44,29,15,,,False,49
l_bracket_0026__L2__anthropic__claude-opus-4-6__r1,success,anthropic,claude-opus-4-6,l_bracket_0026,l_bracket,L2,1,generate,full_44,1,0,22.933449029922485,2.0660312175750732,24.999609231948853,./reference_step files/l_bracket_0026.step,./.stepscore_harness_runs/final73_anthropic_run_02/jobs/l_bracket_0026__L2__anthropic__claude-opus-4-6__r1/attempt_01/generated.step,./.stepscore_harness_runs/final73_anthropic_run_02/jobs/l_bracket_0026__L2__anthropic__claude-opus-4-6__r1/result.json,0.4772727272727273,False,49.66163021167507,44,44,21,23,,,False,50
l_bracket_0026__L3__anthropic__claude-opus-4-6__r1,success,anthropic,claude-opus-4-6,l_bracket_0026,l_bracket,L3,1,generate,full_44,1,0,12.219279050827026,2.2149040699005127,14.434330940246582,./reference_step files/l_bracket_0026.step,./.stepscore_harness_runs/final73_anthropic_run_02/jobs/l_bracket_0026__L3__anthropic__claude-opus-4-6__r1/attempt_01/generated.step,./.stepscore_harness_runs/final73_anthropic_run_02/jobs/l_bracket_0026__L3__anthropic__claude-opus-4-6__r1/result.json,0.5454545454545454,False,56.10320665471804,44,44,24,20,,,False,51
l_bracket_0027__L2__anthropic__claude-opus-4-6__r1,success,anthropic,claude-opus-4-6,l_bracket_0027,l_bracket,L2,1,generate,full_44,1,0,18.874101161956787,1.4994328022003174,20.373667240142822,./reference_step files/l_bracket_0027.step,./.stepscore_harness_runs/final73_anthropic_run_02/jobs/l_bracket_0027__L2__anthropic__claude-opus-4-6__r1/attempt_01/generated.step,./.stepscore_harness_runs/final73_anthropic_run_02/jobs/l_bracket_0027__L2__anthropic__claude-opus-4-6__r1/result.json,0.4090909090909091,False,43.36731686752281,44,44,18,26,,,False,52
l_bracket_0027__L3__anthropic__claude-opus-4-6__r1,success,anthropic,claude-opus-4-6,l_bracket_0027,l_bracket,L3,1,generate,full_44,1,0,16.573116779327393,1.5711653232574463,18.1444091796875,./reference_step files/l_bracket_0027.step,./.stepscore_harness_runs/final73_anthropic_run_02/jobs/l_bracket_0027__L3__anthropic__claude-opus-4-6__r1/attempt_01/generated.step,./.stepscore_harness_runs/final73_anthropic_run_02/jobs/l_bracket_0027__L3__anthropic__claude-opus-4-6__r1/result.json,0.4090909090909091,False,43.36731686752281,44,44,18,26,,,False,53
manifold_block_0055__L2__anthropic__claude-opus-4-6__r1,success,anthropic,claude-opus-4-6,manifold_block_0055,manifold_block,L2,1,generate,full_44,1,0,7.050821781158447,2.7722833156585693,9.823230028152466,./reference_step files/manifold_block_0055.step,./.stepscore_harness_runs/final73_anthropic_run_02/jobs/manifold_block_0055__L2__anthropic__claude-opus-4-6__r1/attempt_01/generated.step,./.stepscore_harness_runs/final73_anthropic_run_02/jobs/manifold_block_0055__L2__anthropic__claude-opus-4-6__r1/result.json,0.4318181818181818,False,40.560777643092514,44,44,19,25,,,False,108
manifold_block_0055__L3__anthropic__claude-opus-4-6__r1,success,anthropic,claude-opus-4-6,manifold_block_0055,manifold_block,L3,1,generate,full_44,1,0,8.234600305557251,2.6584458351135254,10.893180847167969,./reference_step files/manifold_block_0055.step,./.stepscore_harness_runs/final73_anthropic_run_02/jobs/manifold_block_0055__L3__anthropic__claude-opus-4-6__r1/attempt_01/generated.step,./.stepscore_harness_runs/final73_anthropic_run_02/jobs/manifold_block_0055__L3__anthropic__claude-opus-4-6__r1/result.json,0.4318181818181818,False,40.56775193940549,44,44,19,25,,,False,109
manifold_block_0058__L2__anthropic__claude-opus-4-6__r1,success,anthropic,claude-opus-4-6,manifold_block_0058,manifold_block,L2,1,generate,full_44,1,0,6.645234107971191,3.72871994972229,10.374082088470459,./reference_step files/manifold_block_0058.step,./.stepscore_harness_runs/final73_anthropic_run_02/jobs/manifold_block_0058__L2__anthropic__claude-opus-4-6__r1/attempt_01/generated.step,./.stepscore_harness_runs/final73_anthropic_run_02/jobs/manifold_block_0058__L2__anthropic__claude-opus-4-6__r1/result.json,0.4090909090909091,False,39.04849758494844,44,44,18,26,,,False,114
manifold_block_0058__L3__anthropic__claude-opus-4-6__r1,success,anthropic,claude-opus-4-6,manifold_block_0058,manifold_block,L3,1,generate,full_44,1,0,8.964480876922607,3.5673129558563232,12.531924962997437,./reference_step files/manifold_block_0058.step,./.stepscore_harness_runs/final73_anthropic_run_02/jobs/manifold_block_0058__L3__anthropic__claude-opus-4-6__r1/attempt_01/generated.step,./.stepscore_harness_runs/final73_anthropic_run_02/jobs/manifold_block_0058__L3__anthropic__claude-opus-4-6__r1/result.json,0.4318181818181818,False,40.9147109903871,44,44,19,25,,,False,115
manifold_block_0061__L2__anthropic__claude-opus-4-6__r1,success,anthropic,claude-opus-4-6,manifold_block_0061,manifold_block,L2,1,generate,full_44,1,0,6.9848809242248535,4.504353046417236,11.489372730255127,./reference_step files/manifold_block_0061.step,./.stepscore_harness_runs/final73_anthropic_run_02/jobs/manifold_block_0061__L2__anthropic__claude-opus-4-6__r1/attempt_01/generated.step,./.stepscore_harness_runs/final73_anthropic_run_02/jobs/manifold_block_0061__L2__anthropic__claude-opus-4-6__r1/result.json,0.4772727272727273,False,44.580732228442635,44,44,21,23,,,False,120
manifold_block_0061__L3__anthropic__claude-opus-4-6__r1,success,anthropic,claude-opus-4-6,manifold_block_0061,manifold_block,L3,1,generate,full_44,1,0,8.74109697341919,4.261121988296509,13.00235104560852,./reference_step files/manifold_block_0061.step,./.stepscore_harness_runs/final73_anthropic_run_02/jobs/manifold_block_0061__L3__anthropic__claude-opus-4-6__r1/attempt_01/generated.step,./.stepscore_harness_runs/final73_anthropic_run_02/jobs/manifold_block_0061__L3__anthropic__claude-opus-4-6__r1/result.json,0.4772727272727273,False,44.57491549226744,44,44,21,23,,,False,121
manifold_block_0064__L2__anthropic__claude-opus-4-6__r1,success,anthropic,claude-opus-4-6,manifold_block_0064,manifold_block,L2,1,generate,full_44,1,0,7.0163960456848145,4.3017799854278564,11.318335056304932,./reference_step files/manifold_block_0064.step,./.stepscore_harness_runs/final73_anthropic_run_02/jobs/manifold_block_0064__L2__anthropic__claude-opus-4-6__r1/attempt_01/generated.step,./.stepscore_harness_runs/final73_anthropic_run_02/jobs/manifold_block_0064__L2__anthropic__claude-opus-4-6__r1/result.json,0.45454545454545453,False,45.00493825902755,44,44,20,24,,,False,126
manifold_block_0064__L3__anthropic__claude-opus-4-6__r1,success,anthropic,claude-opus-4-6,manifold_block_0064,manifold_block,L3,1,generate,full_44,1,0,8.221699953079224,4.270249128341675,12.492079973220825,./reference_step files/manifold_block_0064.step,./.stepscore_harness_runs/final73_anthropic_run_02/jobs/manifold_block_0064__L3__anthropic__claude-opus-4-6__r1/attempt_01/generated.step,./.stepscore_harness_runs/final73_anthropic_run_02/jobs/manifold_block_0064__L3__anthropic__claude-opus-4-6__r1/result.json,0.6590909090909091,False,57.32125149204557,44,44,29,15,,,False,127
manifold_block_0067__L2__anthropic__claude-opus-4-6__r1,success,anthropic,claude-opus-4-6,manifold_block_0067,manifold_block,L2,1,generate,full_44,1,0,7.5813000202178955,4.294271945953369,11.875708818435669,./reference_step files/manifold_block_0067.step,./.stepscore_harness_runs/final73_anthropic_run_02/jobs/manifold_block_0067__L2__anthropic__claude-opus-4-6__r1/attempt_01/generated.step,./.stepscore_harness_runs/final73_anthropic_run_02/jobs/manifold_block_0067__L2__anthropic__claude-opus-4-6__r1/result.json,0.45454545454545453,False,43.25444865657964,44,44,20,24,,,False,132
manifold_block_0067__L3__anthropic__claude-opus-4-6__r1,success,anthropic,claude-opus-4-6,manifold_block_0067,manifold_block,L3,1,generate,full_44,1,0,8.617164850234985,4.1994469165802,12.816743850708008,./reference_step files/manifold_block_0067.step,./.stepscore_harness_runs/final73_anthropic_run_02/jobs/manifold_block_0067__L3__anthropic__claude-opus-4-6__r1/attempt_01/generated.step,./.stepscore_harness_runs/final73_anthropic_run_02/jobs/manifold_block_0067__L3__anthropic__claude-opus-4-6__r1/result.json,0.45454545454545453,False,43.26542547096138,44,44,20,24,,,False,133
manifold_block_0070__L2__anthropic__claude-opus-4-6__r1,success,anthropic,claude-opus-4-6,manifold_block_0070,manifold_block,L2,1,generate,full_44,1,0,7.504095077514648,7.741585969924927,15.245866060256958,./reference_step files/manifold_block_0070.step,./.stepscore_harness_runs/final73_anthropic_run_02/jobs/manifold_block_0070__L2__anthropic__claude-opus-4-6__r1/attempt_01/generated.step,./.stepscore_harness_runs/final73_anthropic_run_02/jobs/manifold_block_0070__L2__anthropic__claude-opus-4-6__r1/result.json,0.6363636363636364,False,55.55234095360646,44,44,28,16,,,False,138
manifold_block_0070__L3__anthropic__claude-opus-4-6__r1,success,anthropic,claude-opus-4-6,manifold_block_0070,manifold_block,L3,1,generate,full_44,1,0,11.250195026397705,6.1446919441223145,17.395013093948364,./reference_step files/manifold_block_0070.step,./.stepscore_harness_runs/final73_anthropic_run_02/jobs/manifold_block_0070__L3__anthropic__claude-opus-4-6__r1/attempt_01/generated.step,./.stepscore_harness_runs/final73_anthropic_run_02/jobs/manifold_block_0070__L3__anthropic__claude-opus-4-6__r1/result.json,0.4318181818181818,False,42.305643095256215,44,44,19,25,,,False,139
manifold_block_0073__L2__anthropic__claude-opus-4-6__r1,success,anthropic,claude-opus-4-6,manifold_block_0073,manifold_block,L2,1,generate,full_44,1,0,8.156352996826172,3.884761095046997,12.041332006454468,./reference_step files/manifold_block_0073.step,./.stepscore_harness_runs/final73_anthropic_run_02/jobs/manifold_block_0073__L2__anthropic__claude-opus-4-6__r1/attempt_01/generated.step,./.stepscore_harness_runs/final73_anthropic_run_02/jobs/manifold_block_0073__L2__anthropic__claude-opus-4-6__r1/result.json,0.4318181818181818,False,41.29864587042931,44,44,19,25,,,False,144
manifold_block_0073__L3__anthropic__claude-opus-4-6__r1,success,anthropic,claude-opus-4-6,manifold_block_0073,manifold_block,L3,1,generate,full_44,1,0,8.594146013259888,3.7996490001678467,12.3939208984375,./reference_step files/manifold_block_0073.step,./.stepscore_harness_runs/final73_anthropic_run_02/jobs/manifold_block_0073__L3__anthropic__claude-opus-4-6__r1/attempt_01/generated.step,./.stepscore_harness_runs/final73_anthropic_run_02/jobs/manifold_block_0073__L3__anthropic__claude-opus-4-6__r1/result.json,0.4318181818181818,False,41.2827634719899,44,44,19,25,,,False,145
ring_spacer_0028__L2__anthropic__claude-opus-4-6__r1,success,anthropic,claude-opus-4-6,ring_spacer_0028,ring_spacer,L2,1,generate,full_44,1,0,4.532316207885742,0.5310671329498291,5.063537359237671,./reference_step files/ring_spacer_0028.step,./.stepscore_harness_runs/final73_anthropic_run_02/jobs/ring_spacer_0028__L2__anthropic__claude-opus-4-6__r1/attempt_01/generated.step,./.stepscore_harness_runs/final73_anthropic_run_02/jobs/ring_spacer_0028__L2__anthropic__claude-opus-4-6__r1/result.json,0.9772727272727273,False,90.88495003944409,44,44,43,1,,,False,54
ring_spacer_0028__L3__anthropic__claude-opus-4-6__r1,success,anthropic,claude-opus-4-6,ring_spacer_0028,ring_spacer,L3,1,generate,full_44,1,0,3.9612653255462646,0.4935438632965088,4.4549400806427,./reference_step files/ring_spacer_0028.step,./.stepscore_harness_runs/final73_anthropic_run_02/jobs/ring_spacer_0028__L3__anthropic__claude-opus-4-6__r1/attempt_01/generated.step,./.stepscore_harness_runs/final73_anthropic_run_02/jobs/ring_spacer_0028__L3__anthropic__claude-opus-4-6__r1/result.json,0.9772727272727273,False,90.88495003944409,44,44,43,1,,,False,55
ring_spacer_0029__L2__anthropic__claude-opus-4-6__r1,success,anthropic,claude-opus-4-6,ring_spacer_0029,ring_spacer,L2,1,generate,full_44,1,0,4.12019419670105,0.13957500457763672,4.259888172149658,./reference_step files/ring_spacer_0029.step,./.stepscore_harness_runs/final73_anthropic_run_02/jobs/ring_spacer_0029__L2__anthropic__claude-opus-4-6__r1/attempt_01/generated.step,./.stepscore_harness_runs/final73_anthropic_run_02/jobs/ring_spacer_0029__L2__anthropic__claude-opus-4-6__r1/result.json,0.9772727272727273,False,90.88495003939721,44,44,43,1,,,False,56
ring_spacer_0029__L3__anthropic__claude-opus-4-6__r1,success,anthropic,claude-opus-4-6,ring_spacer_0029,ring_spacer,L3,1,generate,full_44,1,0,4.447552919387817,0.13608884811401367,4.5837788581848145,./reference_step files/ring_spacer_0029.step,./.stepscore_harness_runs/final73_anthropic_run_02/jobs/ring_spacer_0029__L3__anthropic__claude-opus-4-6__r1/attempt_01/generated.step,./.stepscore_harness_runs/final73_anthropic_run_02/jobs/ring_spacer_0029__L3__anthropic__claude-opus-4-6__r1/result.json,0.9772727272727273,False,90.88495003939721,44,44,43,1,,,False,57
ring_spacer_0030__L2__anthropic__claude-opus-4-6__r1,success,anthropic,claude-opus-4-6,ring_spacer_0030,ring_spacer,L2,1,generate,full_44,1,0,4.456520080566406,0.13852596282958984,4.595176935195923,./reference_step files/ring_spacer_0030.step,./.stepscore_harness_runs/final73_anthropic_run_02/jobs/ring_spacer_0030__L2__anthropic__claude-opus-4-6__r1/attempt_01/generated.step,./.stepscore_harness_runs/final73_anthropic_run_02/jobs/ring_spacer_0030__L2__anthropic__claude-opus-4-6__r1/result.json,0.9772727272727273,False,90.88495003941416,44,44,43,1,,,False,58
ring_spacer_0030__L3__anthropic__claude-opus-4-6__r1,success,anthropic,claude-opus-4-6,ring_spacer_0030,ring_spacer,L3,1,generate,full_44,1,0,4.348851919174194,0.13849711418151855,4.487486839294434,./reference_step files/ring_spacer_0030.step,./.stepscore_harness_runs/final73_anthropic_run_02/jobs/ring_spacer_0030__L3__anthropic__claude-opus-4-6__r1/attempt_01/generated.step,./.stepscore_harness_runs/final73_anthropic_run_02/jobs/ring_spacer_0030__L3__anthropic__claude-opus-4-6__r1/result.json,0.9772727272727273,False,90.88495003941416,44,44,43,1,,,False,59
ring_spacer_0031__L2__anthropic__claude-opus-4-6__r1,success,anthropic,claude-opus-4-6,ring_spacer_0031,ring_spacer,L2,1,generate,full_44,1,0,4.1605658531188965,0.21134090423583984,4.3720409870147705,./reference_step files/ring_spacer_0031.step,./.stepscore_harness_runs/final73_anthropic_run_02/jobs/ring_spacer_0031__L2__anthropic__claude-opus-4-6__r1/attempt_01/generated.step,./.stepscore_harness_runs/final73_anthropic_run_02/jobs/ring_spacer_0031__L2__anthropic__claude-opus-4-6__r1/result.json,0.9772727272727273,False,90.88495010257306,44,44,43,1,,,False,60
ring_spacer_0031__L3__anthropic__claude-opus-4-6__r1,success,anthropic,claude-opus-4-6,ring_spacer_0031,ring_spacer,L3,1,generate,full_44,1,0,4.024953842163086,0.18662500381469727,4.2117180824279785,./reference_step files/ring_spacer_0031.step,./.stepscore_harness_runs/final73_anthropic_run_02/jobs/ring_spacer_0031__L3__anthropic__claude-opus-4-6__r1/attempt_01/generated.step,./.stepscore_harness_runs/final73_anthropic_run_02/jobs/ring_spacer_0031__L3__anthropic__claude-opus-4-6__r1/result.json,0.9772727272727273,False,90.88495010257306,44,44,43,1,,,False,61
ring_spacer_0032__L2__anthropic__claude-opus-4-6__r1,success,anthropic,claude-opus-4-6,ring_spacer_0032,ring_spacer,L2,1,generate,full_44,1,0,3.8467912673950195,0.1250748634338379,3.9719951152801514,./reference_step files/ring_spacer_0032.step,./.stepscore_harness_runs/final73_anthropic_run_02/jobs/ring_spacer_0032__L2__anthropic__claude-opus-4-6__r1/attempt_01/generated.step,./.stepscore_harness_runs/final73_anthropic_run_02/jobs/ring_spacer_0032__L2__anthropic__claude-opus-4-6__r1/result.json,0.9772727272727273,False,90.8849500737557,44,44,43,1,,,False,62
ring_spacer_0032__L3__anthropic__claude-opus-4-6__r1,success,anthropic,claude-opus-4-6,ring_spacer_0032,ring_spacer,L3,1,generate,full_44,1,0,4.088570833206177,0.12351202964782715,4.212221145629883,./reference_step files/ring_spacer_0032.step,./.stepscore_harness_runs/final73_anthropic_run_02/jobs/ring_spacer_0032__L3__anthropic__claude-opus-4-6__r1/attempt_01/generated.step,./.stepscore_harness_runs/final73_anthropic_run_02/jobs/ring_spacer_0032__L3__anthropic__claude-opus-4-6__r1/result.json,0.9772727272727273,False,90.8849500737557,44,44,43,1,,,False,63
ring_spacer_0033__L2__anthropic__claude-opus-4-6__r1,success,anthropic,claude-opus-4-6,ring_spacer_0033,ring_spacer,L2,1,generate,full_44,1,0,4.353159189224243,0.480194091796875,4.83349084854126,./reference_step files/ring_spacer_0033.step,./.stepscore_harness_runs/final73_anthropic_run_02/jobs/ring_spacer_0033__L2__anthropic__claude-opus-4-6__r1/attempt_01/generated.step,./.stepscore_harness_runs/final73_anthropic_run_02/jobs/ring_spacer_0033__L2__anthropic__claude-opus-4-6__r1/result.json,0.9772727272727273,False,90.88495003942667,44,44,43,1,,,False,64
ring_spacer_0033__L3__anthropic__claude-opus-4-6__r1,success,anthropic,claude-opus-4-6,ring_spacer_0033,ring_spacer,L3,1,generate,full_44,1,0,4.018082857131958,0.43085217475891113,4.449065923690796,./reference_step files/ring_spacer_0033.step,./.stepscore_harness_runs/final73_anthropic_run_02/jobs/ring_spacer_0033__L3__anthropic__claude-opus-4-6__r1/attempt_01/generated.step,./.stepscore_harness_runs/final73_anthropic_run_02/jobs/ring_spacer_0033__L3__anthropic__claude-opus-4-6__r1/result.json,0.9772727272727273,False,90.88495003942667,44,44,43,1,,,False,65
ring_spacer_0034__L2__anthropic__claude-opus-4-6__r1,success,anthropic,claude-opus-4-6,ring_spacer_0034,ring_spacer,L2,1,generate,full_44,1,0,4.227093935012817,0.19976186752319336,4.426982879638672,./reference_step files/ring_spacer_0034.step,./.stepscore_harness_runs/final73_anthropic_run_02/jobs/ring_spacer_0034__L2__anthropic__claude-opus-4-6__r1/attempt_01/generated.step,./.stepscore_harness_runs/final73_anthropic_run_02/jobs/ring_spacer_0034__L2__anthropic__claude-opus-4-6__r1/result.json,0.9772727272727273,False,90.88495004077433,44,44,43,1,,,False,66
ring_spacer_0034__L3__anthropic__claude-opus-4-6__r1,success,anthropic,claude-opus-4-6,ring_spacer_0034,ring_spacer,L3,1,generate,full_44,1,0,4.22167181968689,0.18667292594909668,4.408474683761597,./reference_step files/ring_spacer_0034.step,./.stepscore_harness_runs/final73_anthropic_run_02/jobs/ring_spacer_0034__L3__anthropic__claude-opus-4-6__r1/attempt_01/generated.step,./.stepscore_harness_runs/final73_anthropic_run_02/jobs/ring_spacer_0034__L3__anthropic__claude-opus-4-6__r1/result.json,0.9772727272727273,False,90.88495004077433,44,44,43,1,,,False,67
ring_spacer_0035__L2__anthropic__claude-opus-4-6__r1,success,anthropic,claude-opus-4-6,ring_spacer_0035,ring_spacer,L2,1,generate,full_44,1,0,4.36753511428833,0.13709592819213867,4.504754066467285,./reference_step files/ring_spacer_0035.step,./.stepscore_harness_runs/final73_anthropic_run_02/jobs/ring_spacer_0035__L2__anthropic__claude-opus-4-6__r1/attempt_01/generated.step,./.stepscore_harness_runs/final73_anthropic_run_02/jobs/ring_spacer_0035__L2__anthropic__claude-opus-4-6__r1/result.json,0.9772727272727273,False,90.88495004088986,44,44,43,1,,,False,68
ring_spacer_0035__L3__anthropic__claude-opus-4-6__r1,success,anthropic,claude-opus-4-6,ring_spacer_0035,ring_spacer,L3,1,generate,full_44,1,0,4.94330906867981,0.13590788841247559,5.079353094100952,./reference_step files/ring_spacer_0035.step,./.stepscore_harness_runs/final73_anthropic_run_02/jobs/ring_spacer_0035__L3__anthropic__claude-opus-4-6__r1/attempt_01/generated.step,./.stepscore_harness_runs/final73_anthropic_run_02/jobs/ring_spacer_0035__L3__anthropic__claude-opus-4-6__r1/result.json,0.9772727272727273,False,90.88495004088986,44,44,43,1,,,False,69
ring_spacer_0036__L2__anthropic__claude-opus-4-6__r1,success,anthropic,claude-opus-4-6,ring_spacer_0036,ring_spacer,L2,1,generate,full_44,1,0,4.586288213729858,0.14784002304077148,4.734255313873291,./reference_step files/ring_spacer_0036.step,./.stepscore_harness_runs/final73_anthropic_run_02/jobs/ring_spacer_0036__L2__anthropic__claude-opus-4-6__r1/attempt_01/generated.step,./.stepscore_harness_runs/final73_anthropic_run_02/jobs/ring_spacer_0036__L2__anthropic__claude-opus-4-6__r1/result.json,0.9772727272727273,False,90.88495003940072,44,44,43,1,,,False,70
ring_spacer_0036__L3__anthropic__claude-opus-4-6__r1,success,anthropic,claude-opus-4-6,ring_spacer_0036,ring_spacer,L3,1,generate,full_44,1,0,4.2388999462127686,0.13157296180725098,4.370599985122681,./reference_step files/ring_spacer_0036.step,./.stepscore_harness_runs/final73_anthropic_run_02/jobs/ring_spacer_0036__L3__anthropic__claude-opus-4-6__r1/attempt_01/generated.step,./.stepscore_harness_runs/final73_anthropic_run_02/jobs/ring_spacer_0036__L3__anthropic__claude-opus-4-6__r1/result.json,0.9772727272727273,False,90.88495003940072,44,44,43,1,,,False,71
shell_enclosure_0057__L2__anthropic__claude-opus-4-6__r1,success,anthropic,claude-opus-4-6,shell_enclosure_0057,shell_enclosure,L2,1,generate,full_44,1,0,17.395606756210327,3.0557382106781006,20.451471090316772,./reference_step files/shell_enclosure_0057.step,./.stepscore_harness_runs/final73_anthropic_run_02/jobs/shell_enclosure_0057__L2__anthropic__claude-opus-4-6__r1/attempt_01/generated.step,./.stepscore_harness_runs/final73_anthropic_run_02/jobs/shell_enclosure_0057__L2__anthropic__claude-opus-4-6__r1/result.json,0.5454545454545454,False,48.82569259290685,44,44,24,20,,,False,112
shell_enclosure_0057__L3__anthropic__claude-opus-4-6__r1,success,anthropic,claude-opus-4-6,shell_enclosure_0057,shell_enclosure,L3,1,generate,full_44,1,0,15.94019889831543,2.9737589359283447,18.914093017578125,./reference_step files/shell_enclosure_0057.step,./.stepscore_harness_runs/final73_anthropic_run_02/jobs/shell_enclosure_0057__L3__anthropic__claude-opus-4-6__r1/attempt_01/generated.step,./.stepscore_harness_runs/final73_anthropic_run_02/jobs/shell_enclosure_0057__L3__anthropic__claude-opus-4-6__r1/result.json,0.6818181818181818,False,62.34871956643464,44,44,30,14,,,False,113
shell_enclosure_0060__L2__anthropic__claude-opus-4-6__r1,success,anthropic,claude-opus-4-6,shell_enclosure_0060,shell_enclosure,L2,1,generate,full_44,1,0,15.83871603012085,3.3259377479553223,19.164813995361328,./reference_step files/shell_enclosure_0060.step,./.stepscore_harness_runs/final73_anthropic_run_02/jobs/shell_enclosure_0060__L2__anthropic__claude-opus-4-6__r1/attempt_01/generated.step,./.stepscore_harness_runs/final73_anthropic_run_02/jobs/shell_enclosure_0060__L2__anthropic__claude-opus-4-6__r1/result.json,0.4772727272727273,False,42.529444509444104,44,44,21,23,,,False,118
shell_enclosure_0060__L3__anthropic__claude-opus-4-6__r1,success,anthropic,claude-opus-4-6,shell_enclosure_0060,shell_enclosure,L3,1,generate,full_44,1,0,15.006069898605347,3.5450611114501953,18.551292896270752,./reference_step files/shell_enclosure_0060.step,./.stepscore_harness_runs/final73_anthropic_run_02/jobs/shell_enclosure_0060__L3__anthropic__claude-opus-4-6__r1/attempt_01/generated.step,./.stepscore_harness_runs/final73_anthropic_run_02/jobs/shell_enclosure_0060__L3__anthropic__claude-opus-4-6__r1/result.json,0.5681818181818182,False,49.62096552254858,44,44,25,19,,,False,119
shell_enclosure_0063__L2__anthropic__claude-opus-4-6__r1,success,anthropic,claude-opus-4-6,shell_enclosure_0063,shell_enclosure,L2,1,generate,full_44,1,0,15.027621984481812,2.4793660640716553,17.507132053375244,./reference_step files/shell_enclosure_0063.step,./.stepscore_harness_runs/final73_anthropic_run_02/jobs/shell_enclosure_0063__L2__anthropic__claude-opus-4-6__r1/attempt_01/generated.step,./.stepscore_harness_runs/final73_anthropic_run_02/jobs/shell_enclosure_0063__L2__anthropic__claude-opus-4-6__r1/result.json,0.45454545454545453,False,44.10004492806772,44,44,20,24,,,False,124
shell_enclosure_0063__L3__anthropic__claude-opus-4-6__r1,success,anthropic,claude-opus-4-6,shell_enclosure_0063,shell_enclosure,L3,1,generate,full_44,1,0,16.54240608215332,2.075594186782837,18.618138074874878,./reference_step files/shell_enclosure_0063.step,./.stepscore_harness_runs/final73_anthropic_run_02/jobs/shell_enclosure_0063__L3__anthropic__claude-opus-4-6__r1/attempt_01/generated.step,./.stepscore_harness_runs/final73_anthropic_run_02/jobs/shell_enclosure_0063__L3__anthropic__claude-opus-4-6__r1/result.json,0.6136363636363636,False,58.707676955669996,44,44,27,17,,,False,125
shell_enclosure_0066__L2__anthropic__claude-opus-4-6__r1,success,anthropic,claude-opus-4-6,shell_enclosure_0066,shell_enclosure,L2,1,generate,full_44,1,0,15.422114849090576,2.70823335647583,18.130528926849365,./reference_step files/shell_enclosure_0066.step,./.stepscore_harness_runs/final73_anthropic_run_02/jobs/shell_enclosure_0066__L2__anthropic__claude-opus-4-6__r1/attempt_01/generated.step,./.stepscore_harness_runs/final73_anthropic_run_02/jobs/shell_enclosure_0066__L2__anthropic__claude-opus-4-6__r1/result.json,0.4318181818181818,False,42.50477076530312,44,44,19,25,,,False,130
shell_enclosure_0066__L3__anthropic__claude-opus-4-6__r1,success,anthropic,claude-opus-4-6,shell_enclosure_0066,shell_enclosure,L3,1,generate,full_44,1,0,14.532357692718506,2.4323501586914062,16.96482491493225,./reference_step files/shell_enclosure_0066.step,./.stepscore_harness_runs/final73_anthropic_run_02/jobs/shell_enclosure_0066__L3__anthropic__claude-opus-4-6__r1/attempt_01/generated.step,./.stepscore_harness_runs/final73_anthropic_run_02/jobs/shell_enclosure_0066__L3__anthropic__claude-opus-4-6__r1/result.json,0.45454545454545453,False,45.787708695014615,44,44,20,24,,,False,131
shell_enclosure_0069__L2__anthropic__claude-opus-4-6__r1,success,anthropic,claude-opus-4-6,shell_enclosure_0069,shell_enclosure,L2,1,generate,full_44,1,0,15.400810956954956,2.7810280323028564,18.18199324607849,./reference_step files/shell_enclosure_0069.step,./.stepscore_harness_runs/final73_anthropic_run_02/jobs/shell_enclosure_0069__L2__anthropic__claude-opus-4-6__r1/attempt_01/generated.step,./.stepscore_harness_runs/final73_anthropic_run_02/jobs/shell_enclosure_0069__L2__anthropic__claude-opus-4-6__r1/result.json,0.5,False,49.657583131240116,44,44,22,22,,,False,136
shell_enclosure_0069__L3__anthropic__claude-opus-4-6__r1,success,anthropic,claude-opus-4-6,shell_enclosure_0069,shell_enclosure,L3,1,generate,full_44,1,0,17.098304748535156,2.8830790519714355,19.98151183128357,./reference_step files/shell_enclosure_0069.step,./.stepscore_harness_runs/final73_anthropic_run_02/jobs/shell_enclosure_0069__L3__anthropic__claude-opus-4-6__r1/attempt_01/generated.step,./.stepscore_harness_runs/final73_anthropic_run_02/jobs/shell_enclosure_0069__L3__anthropic__claude-opus-4-6__r1/result.json,0.5227272727272727,False,53.570108045448315,44,44,23,21,,,False,137
shell_enclosure_0072__L2__anthropic__claude-opus-4-6__r1,success,anthropic,claude-opus-4-6,shell_enclosure_0072,shell_enclosure,L2,1,generate,full_44,1,0,18.212220907211304,3.2467200756073,21.459087133407593,./reference_step files/shell_enclosure_0072.step,./.stepscore_harness_runs/final73_anthropic_run_02/jobs/shell_enclosure_0072__L2__anthropic__claude-opus-4-6__r1/attempt_01/generated.step,./.stepscore_harness_runs/final73_anthropic_run_02/jobs/shell_enclosure_0072__L2__anthropic__claude-opus-4-6__r1/result.json,0.5454545454545454,False,47.590104630586644,44,44,24,20,,,False,142
shell_enclosure_0072__L3__anthropic__claude-opus-4-6__r1,success,anthropic,claude-opus-4-6,shell_enclosure_0072,shell_enclosure,L3,1,generate,full_44,1,0,13.907622814178467,3.318150043487549,17.225924968719482,./reference_step files/shell_enclosure_0072.step,./.stepscore_harness_runs/final73_anthropic_run_02/jobs/shell_enclosure_0072__L3__anthropic__claude-opus-4-6__r1/attempt_01/generated.step,./.stepscore_harness_runs/final73_anthropic_run_02/jobs/shell_enclosure_0072__L3__anthropic__claude-opus-4-6__r1/result.json,0.6590909090909091,False,59.91124764566579,44,44,29,15,,,False,143
slotted_plate_0037__L2__anthropic__claude-opus-4-6__r1,success,anthropic,claude-opus-4-6,slotted_plate_0037,slotted_plate,L2,1,generate,full_44,1,0,6.571659088134766,1.15142822265625,7.723214149475098,./reference_step files/slotted_plate_0037.step,./.stepscore_harness_runs/final73_anthropic_run_02/jobs/slotted_plate_0037__L2__anthropic__claude-opus-4-6__r1/attempt_01/generated.step,./.stepscore_harness_runs/final73_anthropic_run_02/jobs/slotted_plate_0037__L2__anthropic__claude-opus-4-6__r1/result.json,0.7727272727272727,False,66.5886286706496,44,44,34,10,,,False,72
slotted_plate_0037__L3__anthropic__claude-opus-4-6__r1,success,anthropic,claude-opus-4-6,slotted_plate_0037,slotted_plate,L3,1,generate,full_44,1,0,5.189323902130127,0.36272716522216797,5.552191257476807,./reference_step files/slotted_plate_0037.step,./.stepscore_harness_runs/final73_anthropic_run_02/jobs/slotted_plate_0037__L3__anthropic__claude-opus-4-6__r1/attempt_01/generated.step,./.stepscore_harness_runs/final73_anthropic_run_02/jobs/slotted_plate_0037__L3__anthropic__claude-opus-4-6__r1/result.json,0.9772727272727273,False,90.88495003942452,44,44,43,1,,,False,73
slotted_plate_0038__L2__anthropic__claude-opus-4-6__r1,success,anthropic,claude-opus-4-6,slotted_plate_0038,slotted_plate,L2,1,generate,full_44,1,0,7.134783029556274,0.78261399269104,7.917521953582764,./reference_step files/slotted_plate_0038.step,./.stepscore_harness_runs/final73_anthropic_run_02/jobs/slotted_plate_0038__L2__anthropic__claude-opus-4-6__r1/attempt_01/generated.step,./.stepscore_harness_runs/final73_anthropic_run_02/jobs/slotted_plate_0038__L2__anthropic__claude-opus-4-6__r1/result.json,0.7045454545454546,False,64.51197203665284,44,44,31,13,,,False,74
slotted_plate_0038__L3__anthropic__claude-opus-4-6__r1,success,anthropic,claude-opus-4-6,slotted_plate_0038,slotted_plate,L3,1,generate,full_44,1,0,5.222071886062622,0.3783528804779053,5.600548982620239,./reference_step files/slotted_plate_0038.step,./.stepscore_harness_runs/final73_anthropic_run_02/jobs/slotted_plate_0038__L3__anthropic__claude-opus-4-6__r1/attempt_01/generated.step,./.stepscore_harness_runs/final73_anthropic_run_02/jobs/slotted_plate_0038__L3__anthropic__claude-opus-4-6__r1/result.json,0.9772727272727273,False,90.8849500408005,44,44,43,1,,,False,75
slotted_plate_0039__L2__anthropic__claude-opus-4-6__r1,success,anthropic,claude-opus-4-6,slotted_plate_0039,slotted_plate,L2,1,generate,full_44,1,0,6.956019163131714,1.0989441871643066,8.055083990097046,./reference_step files/slotted_plate_0039.step,./.stepscore_harness_runs/final73_anthropic_run_02/jobs/slotted_plate_0039__L2__anthropic__claude-opus-4-6__r1/attempt_01/generated.step,./.stepscore_harness_runs/final73_anthropic_run_02/jobs/slotted_plate_0039__L2__anthropic__claude-opus-4-6__r1/result.json,0.7272727272727273,False,62.59317372500782,44,44,32,12,,,False,76
slotted_plate_0039__L3__anthropic__claude-opus-4-6__r1,success,anthropic,claude-opus-4-6,slotted_plate_0039,slotted_plate,L3,1,generate,full_44,1,0,5.422253131866455,0.4376678466796875,5.8600499629974365,./reference_step files/slotted_plate_0039.step,./.stepscore_harness_runs/final73_anthropic_run_02/jobs/slotted_plate_0039__L3__anthropic__claude-opus-4-6__r1/attempt_01/generated.step,./.stepscore_harness_runs/final73_anthropic_run_02/jobs/slotted_plate_0039__L3__anthropic__claude-opus-4-6__r1/result.json,0.9772727272727273,False,90.88495003948923,44,44,43,1,,,False,77
slotted_plate_0040__L2__anthropic__claude-opus-4-6__r1,success,anthropic,claude-opus-4-6,slotted_plate_0040,slotted_plate,L2,1,generate,full_44,1,0,6.7760398387908936,1.2506439685821533,8.02680492401123,./reference_step files/slotted_plate_0040.step,./.stepscore_harness_runs/final73_anthropic_run_02/jobs/slotted_plate_0040__L2__anthropic__claude-opus-4-6__r1/attempt_01/generated.step,./.stepscore_harness_runs/final73_anthropic_run_02/jobs/slotted_plate_0040__L2__anthropic__claude-opus-4-6__r1/result.json,0.7727272727272727,False,67.77824228284496,44,44,34,10,,,False,78
slotted_plate_0040__L3__anthropic__claude-opus-4-6__r1,success,anthropic,claude-opus-4-6,slotted_plate_0040,slotted_plate,L3,1,generate,full_44,1,0,5.84394097328186,0.4177219867706299,6.261798858642578,./reference_step files/slotted_plate_0040.step,./.stepscore_harness_runs/final73_anthropic_run_02/jobs/slotted_plate_0040__L3__anthropic__claude-opus-4-6__r1/attempt_01/generated.step,./.stepscore_harness_runs/final73_anthropic_run_02/jobs/slotted_plate_0040__L3__anthropic__claude-opus-4-6__r1/result.json,0.9772727272727273,False,90.88495003942619,44,44,43,1,,,False,79
slotted_plate_0041__L2__anthropic__claude-opus-4-6__r1,success,anthropic,claude-opus-4-6,slotted_plate_0041,slotted_plate,L2,1,generate,full_44,1,0,6.699810981750488,0.8674099445343018,7.567396640777588,./reference_step files/slotted_plate_0041.step,./.stepscore_harness_runs/final73_anthropic_run_02/jobs/slotted_plate_0041__L2__anthropic__claude-opus-4-6__r1/attempt_01/generated.step,./.stepscore_harness_runs/final73_anthropic_run_02/jobs/slotted_plate_0041__L2__anthropic__claude-opus-4-6__r1/result.json,0.7272727272727273,False,66.22252003973294,44,44,32,12,,,False,80
slotted_plate_0041__L3__anthropic__claude-opus-4-6__r1,success,anthropic,claude-opus-4-6,slotted_plate_0041,slotted_plate,L3,1,generate,full_44,1,0,5.182641983032227,0.41263508796691895,5.595409154891968,./reference_step files/slotted_plate_0041.step,./.stepscore_harness_runs/final73_anthropic_run_02/jobs/slotted_plate_0041__L3__anthropic__claude-opus-4-6__r1/attempt_01/generated.step,./.stepscore_harness_runs/final73_anthropic_run_02/jobs/slotted_plate_0041__L3__anthropic__claude-opus-4-6__r1/result.json,0.9772727272727273,False,90.88495003979628,44,44,43,1,,,False,81
slotted_plate_0042__L2__anthropic__claude-opus-4-6__r1,success,anthropic,claude-opus-4-6,slotted_plate_0042,slotted_plate,L2,1,generate,full_44,1,0,6.268066644668579,0.9926662445068359,7.266804933547974,./reference_step files/slotted_plate_0042.step,./.stepscore_harness_runs/final73_anthropic_run_02/jobs/slotted_plate_0042__L2__anthropic__claude-opus-4-6__r1/attempt_01/generated.step,./.stepscore_harness_runs/final73_anthropic_run_02/jobs/slotted_plate_0042__L2__anthropic__claude-opus-4-6__r1/result.json,0.7045454545454546,False,65.0797303441362,44,44,31,13,,,False,82
slotted_plate_0042__L3__anthropic__claude-opus-4-6__r1,success,anthropic,claude-opus-4-6,slotted_plate_0042,slotted_plate,L3,1,generate,full_44,1,0,5.607872009277344,0.4024679660797119,6.010478973388672,./reference_step files/slotted_plate_0042.step,./.stepscore_harness_runs/final73_anthropic_run_02/jobs/slotted_plate_0042__L3__anthropic__claude-opus-4-6__r1/attempt_01/generated.step,./.stepscore_harness_runs/final73_anthropic_run_02/jobs/slotted_plate_0042__L3__anthropic__claude-opus-4-6__r1/result.json,0.9772727272727273,False,90.8849500394012,44,44,43,1,,,False,83
slotted_plate_0043__L2__anthropic__claude-opus-4-6__r1,success,anthropic,claude-opus-4-6,slotted_plate_0043,slotted_plate,L2,1,generate,full_44,1,0,6.839706897735596,0.7974729537963867,7.637404918670654,./reference_step files/slotted_plate_0043.step,./.stepscore_harness_runs/final73_anthropic_run_02/jobs/slotted_plate_0043__L2__anthropic__claude-opus-4-6__r1/attempt_01/generated.step,./.stepscore_harness_runs/final73_anthropic_run_02/jobs/slotted_plate_0043__L2__anthropic__claude-opus-4-6__r1/result.json,0.6363636363636364,False,59.84083965360579,44,44,28,16,,,False,84
slotted_plate_0043__L3__anthropic__claude-opus-4-6__r1,success,anthropic,claude-opus-4-6,slotted_plate_0043,slotted_plate,L3,1,generate,full_44,1,0,5.200783014297485,0.42375993728637695,5.6246819496154785,./reference_step files/slotted_plate_0043.step,./.stepscore_harness_runs/final73_anthropic_run_02/jobs/slotted_plate_0043__L3__anthropic__claude-opus-4-6__r1/attempt_01/generated.step,./.stepscore_harness_runs/final73_anthropic_run_02/jobs/slotted_plate_0043__L3__anthropic__claude-opus-4-6__r1/result.json,0.9772727272727273,False,90.88495003997744,44,44,43,1,,,False,85
slotted_plate_0044__L2__anthropic__claude-opus-4-6__r1,success,anthropic,claude-opus-4-6,slotted_plate_0044,slotted_plate,L2,1,generate,full_44,1,0,6.683228254318237,0.857346773147583,7.540709733963013,./reference_step files/slotted_plate_0044.step,./.stepscore_harness_runs/final73_anthropic_run_02/jobs/slotted_plate_0044__L2__anthropic__claude-opus-4-6__r1/attempt_01/generated.step,./.stepscore_harness_runs/final73_anthropic_run_02/jobs/slotted_plate_0044__L2__anthropic__claude-opus-4-6__r1/result.json,0.7272727272727273,False,67.75126204776517,44,44,32,12,,,False,86
slotted_plate_0044__L3__anthropic__claude-opus-4-6__r1,success,anthropic,claude-opus-4-6,slotted_plate_0044,slotted_plate,L3,1,generate,full_44,1,0,5.6124348640441895,0.3967921733856201,6.00936222076416,./reference_step files/slotted_plate_0044.step,./.stepscore_harness_runs/final73_anthropic_run_02/jobs/slotted_plate_0044__L3__anthropic__claude-opus-4-6__r1/attempt_01/generated.step,./.stepscore_harness_runs/final73_anthropic_run_02/jobs/slotted_plate_0044__L3__anthropic__claude-opus-4-6__r1/result.json,0.9772727272727273,False,90.88495003940803,44,44,43,1,,,False,87
slotted_plate_0045__L2__anthropic__claude-opus-4-6__r1,success,anthropic,claude-opus-4-6,slotted_plate_0045,slotted_plate,L2,1,generate,full_44,1,0,6.723790884017944,0.6781690120697021,7.4021079540252686,./reference_step files/slotted_plate_0045.step,./.stepscore_harness_runs/final73_anthropic_run_02/jobs/slotted_plate_0045__L2__anthropic__claude-opus-4-6__r1/attempt_01/generated.step,./.stepscore_harness_runs/final73_anthropic_run_02/jobs/slotted_plate_0045__L2__anthropic__claude-opus-4-6__r1/result.json,0.6818181818181818,False,64.09252296290985,44,44,30,14,,,False,88
slotted_plate_0045__L3__anthropic__claude-opus-4-6__r1,success,anthropic,claude-opus-4-6,slotted_plate_0045,slotted_plate,L3,1,generate,full_44,1,0,5.10910701751709,0.3263208866119385,5.435561895370483,./reference_step files/slotted_plate_0045.step,./.stepscore_harness_runs/final73_anthropic_run_02/jobs/slotted_plate_0045__L3__anthropic__claude-opus-4-6__r1/attempt_01/generated.step,./.stepscore_harness_runs/final73_anthropic_run_02/jobs/slotted_plate_0045__L3__anthropic__claude-opus-4-6__r1/result.json,0.9772727272727273,False,90.8849500394119,44,44,43,1,,,False,89
stepped_shaft_0046__L2__anthropic__claude-opus-4-6__r1,success,anthropic,claude-opus-4-6,stepped_shaft_0046,stepped_shaft,L2,1,generate,full_44,1,0,5.921964168548584,1.2052967548370361,7.127436876296997,./reference_step files/stepped_shaft_0046.step,./.stepscore_harness_runs/final73_anthropic_run_02/jobs/stepped_shaft_0046__L2__anthropic__claude-opus-4-6__r1/attempt_01/generated.step,./.stepscore_harness_runs/final73_anthropic_run_02/jobs/stepped_shaft_0046__L2__anthropic__claude-opus-4-6__r1/result.json,0.8636363636363636,False,80.5415799689707,44,44,38,6,,,False,90
stepped_shaft_0046__L3__anthropic__claude-opus-4-6__r1,success,anthropic,claude-opus-4-6,stepped_shaft_0046,stepped_shaft,L3,1,generate,full_44,1,0,5.7825608253479,0.34714293479919434,6.129840135574341,./reference_step files/stepped_shaft_0046.step,./.stepscore_harness_runs/final73_anthropic_run_02/jobs/stepped_shaft_0046__L3__anthropic__claude-opus-4-6__r1/attempt_01/generated.step,./.stepscore_harness_runs/final73_anthropic_run_02/jobs/stepped_shaft_0046__L3__anthropic__claude-opus-4-6__r1/result.json,0.9772727272727273,False,90.88495032571865,44,44,43,1,,,False,91
stepped_shaft_0047__L2__anthropic__claude-opus-4-6__r1,success,anthropic,claude-opus-4-6,stepped_shaft_0047,stepped_shaft,L2,1,generate,full_44,1,0,5.2363362312316895,1.5322649478912354,6.768718957901001,./reference_step files/stepped_shaft_0047.step,./.stepscore_harness_runs/final73_anthropic_run_02/jobs/stepped_shaft_0047__L2__anthropic__claude-opus-4-6__r1/attempt_01/generated.step,./.stepscore_harness_runs/final73_anthropic_run_02/jobs/stepped_shaft_0047__L2__anthropic__claude-opus-4-6__r1/result.json,0.18181818181818182,False,15.179197149499284,44,44,8,36,,,False,92
stepped_shaft_0047__L3__anthropic__claude-opus-4-6__r1,success,anthropic,claude-opus-4-6,stepped_shaft_0047,stepped_shaft,L3,1,generate,full_44,1,0,6.368799924850464,1.431955099105835,7.800884008407593,./reference_step files/stepped_shaft_0047.step,./.stepscore_harness_runs/final73_anthropic_run_02/jobs/stepped_shaft_0047__L3__anthropic__claude-opus-4-6__r1/attempt_01/generated.step,./.stepscore_harness_runs/final73_anthropic_run_02/jobs/stepped_shaft_0047__L3__anthropic__claude-opus-4-6__r1/result.json,0.18181818181818182,False,15.207732019800869,44,44,8,36,,,False,93
stepped_shaft_0048__L2__anthropic__claude-opus-4-6__r1,success,anthropic,claude-opus-4-6,stepped_shaft_0048,stepped_shaft,L2,1,generate,full_44,1,0,5.7705137729644775,1.4051120281219482,7.175740957260132,./reference_step files/stepped_shaft_0048.step,./.stepscore_harness_runs/final73_anthropic_run_02/jobs/stepped_shaft_0048__L2__anthropic__claude-opus-4-6__r1/attempt_01/generated.step,./.stepscore_harness_runs/final73_anthropic_run_02/jobs/stepped_shaft_0048__L2__anthropic__claude-opus-4-6__r1/result.json,0.8636363636363636,False,77.63606573723557,44,44,38,6,,,False,94
stepped_shaft_0048__L3__anthropic__claude-opus-4-6__r1,success,anthropic,claude-opus-4-6,stepped_shaft_0048,stepped_shaft,L3,1,generate,full_44,1,0,5.963048934936523,0.46495723724365234,6.428141832351685,./reference_step files/stepped_shaft_0048.step,./.stepscore_harness_runs/final73_anthropic_run_02/jobs/stepped_shaft_0048__L3__anthropic__claude-opus-4-6__r1/attempt_01/generated.step,./.stepscore_harness_runs/final73_anthropic_run_02/jobs/stepped_shaft_0048__L3__anthropic__claude-opus-4-6__r1/result.json,0.9772727272727273,False,90.88495003940501,44,44,43,1,,,False,95
stepped_shaft_0049__L2__anthropic__claude-opus-4-6__r1,success,anthropic,claude-opus-4-6,stepped_shaft_0049,stepped_shaft,L2,1,generate,full_44,1,0,5.723039865493774,1.8842051029205322,7.607361078262329,./reference_step files/stepped_shaft_0049.step,./.stepscore_harness_runs/final73_anthropic_run_02/jobs/stepped_shaft_0049__L2__anthropic__claude-opus-4-6__r1/attempt_01/generated.step,./.stepscore_harness_runs/final73_anthropic_run_02/jobs/stepped_shaft_0049__L2__anthropic__claude-opus-4-6__r1/result.json,0.8863636363636364,False,82.56828664899764,44,44,39,5,,,False,96
stepped_shaft_0049__L3__anthropic__claude-opus-4-6__r1,success,anthropic,claude-opus-4-6,stepped_shaft_0049,stepped_shaft,L3,1,generate,full_44,1,0,5.807046890258789,0.5231821537017822,6.330374002456665,./reference_step files/stepped_shaft_0049.step,./.stepscore_harness_runs/final73_anthropic_run_02/jobs/stepped_shaft_0049__L3__anthropic__claude-opus-4-6__r1/attempt_01/generated.step,./.stepscore_harness_runs/final73_anthropic_run_02/jobs/stepped_shaft_0049__L3__anthropic__claude-opus-4-6__r1/result.json,0.9772727272727273,False,90.88495009097215,44,44,43,1,,,False,97
stepped_shaft_0050__L2__anthropic__claude-opus-4-6__r1,success,anthropic,claude-opus-4-6,stepped_shaft_0050,stepped_shaft,L2,1,generate,full_44,1,0,7.832885980606079,1.5639188289642334,9.396962881088257,./reference_step files/stepped_shaft_0050.step,./.stepscore_harness_runs/final73_anthropic_run_02/jobs/stepped_shaft_0050__L2__anthropic__claude-opus-4-6__r1/attempt_01/generated.step,./.stepscore_harness_runs/final73_anthropic_run_02/jobs/stepped_shaft_0050__L2__anthropic__claude-opus-4-6__r1/result.json,0.8636363636363636,False,78.69849858614569,44,44,38,6,,,False,98
stepped_shaft_0050__L3__anthropic__claude-opus-4-6__r1,success,anthropic,claude-opus-4-6,stepped_shaft_0050,stepped_shaft,L3,1,generate,full_44,1,0,6.286426067352295,0.6848609447479248,6.9714250564575195,./reference_step files/stepped_shaft_0050.step,./.stepscore_harness_runs/final73_anthropic_run_02/jobs/stepped_shaft_0050__L3__anthropic__claude-opus-4-6__r1/attempt_01/generated.step,./.stepscore_harness_runs/final73_anthropic_run_02/jobs/stepped_shaft_0050__L3__anthropic__claude-opus-4-6__r1/result.json,0.9772727272727273,False,90.88495004177095,44,44,43,1,,,False,99
stepped_shaft_0051__L2__anthropic__claude-opus-4-6__r1,success,anthropic,claude-opus-4-6,stepped_shaft_0051,stepped_shaft,L2,1,generate,full_44,1,0,5.2346320152282715,1.6287050247192383,6.8634631633758545,./reference_step files/stepped_shaft_0051.step,./.stepscore_harness_runs/final73_anthropic_run_02/jobs/stepped_shaft_0051__L2__anthropic__claude-opus-4-6__r1/attempt_01/generated.step,./.stepscore_harness_runs/final73_anthropic_run_02/jobs/stepped_shaft_0051__L2__anthropic__claude-opus-4-6__r1/result.json,0.8636363636363636,False,81.2051331790294,44,44,38,6,,,False,100
stepped_shaft_0051__L3__anthropic__claude-opus-4-6__r1,success,anthropic,claude-opus-4-6,stepped_shaft_0051,stepped_shaft,L3,1,generate,full_44,1,0,6.621819972991943,0.4813220500946045,7.103280782699585,./reference_step files/stepped_shaft_0051.step,./.stepscore_harness_runs/final73_anthropic_run_02/jobs/stepped_shaft_0051__L3__anthropic__claude-opus-4-6__r1/attempt_01/generated.step,./.stepscore_harness_runs/final73_anthropic_run_02/jobs/stepped_shaft_0051__L3__anthropic__claude-opus-4-6__r1/result.json,0.9772727272727273,False,90.88495003939394,44,44,43,1,,,False,101
stepped_shaft_0052__L2__anthropic__claude-opus-4-6__r1,success,anthropic,claude-opus-4-6,stepped_shaft_0052,stepped_shaft,L2,1,generate,full_44,1,0,6.432063817977905,1.528285026550293,7.960482120513916,./reference_step files/stepped_shaft_0052.step,./.stepscore_harness_runs/final73_anthropic_run_02/jobs/stepped_shaft_0052__L2__anthropic__claude-opus-4-6__r1/attempt_01/generated.step,./.stepscore_harness_runs/final73_anthropic_run_02/jobs/stepped_shaft_0052__L2__anthropic__claude-opus-4-6__r1/result.json,0.8636363636363636,False,78.95380125922175,44,44,38,6,,,False,102
stepped_shaft_0052__L3__anthropic__claude-opus-4-6__r1,success,anthropic,claude-opus-4-6,stepped_shaft_0052,stepped_shaft,L3,1,generate,full_44,1,0,5.931055068969727,0.36138200759887695,6.29257607460022,./reference_step files/stepped_shaft_0052.step,./.stepscore_harness_runs/final73_anthropic_run_02/jobs/stepped_shaft_0052__L3__anthropic__claude-opus-4-6__r1/attempt_01/generated.step,./.stepscore_harness_runs/final73_anthropic_run_02/jobs/stepped_shaft_0052__L3__anthropic__claude-opus-4-6__r1/result.json,0.9772727272727273,False,90.88495007838753,44,44,43,1,,,False,103
stepped_shaft_0053__L2__anthropic__claude-opus-4-6__r1,success,anthropic,claude-opus-4-6,stepped_shaft_0053,stepped_shaft,L2,1,generate,full_44,1,0,5.799089193344116,1.405104160308838,7.204315185546875,./reference_step files/stepped_shaft_0053.step,./.stepscore_harness_runs/final73_anthropic_run_02/jobs/stepped_shaft_0053__L2__anthropic__claude-opus-4-6__r1/attempt_01/generated.step,./.stepscore_harness_runs/final73_anthropic_run_02/jobs/stepped_shaft_0053__L2__anthropic__claude-opus-4-6__r1/result.json,0.7727272727272727,False,76.79394332458371,44,44,34,10,,,False,104
stepped_shaft_0053__L3__anthropic__claude-opus-4-6__r1,success,anthropic,claude-opus-4-6,stepped_shaft_0053,stepped_shaft,L3,1,generate,full_44,1,0,5.564574956893921,0.7963440418243408,6.361046075820923,./reference_step files/stepped_shaft_0053.step,./.stepscore_harness_runs/final73_anthropic_run_02/jobs/stepped_shaft_0053__L3__anthropic__claude-opus-4-6__r1/attempt_01/generated.step,./.stepscore_harness_runs/final73_anthropic_run_02/jobs/stepped_shaft_0053__L3__anthropic__claude-opus-4-6__r1/result.json,0.9772727272727273,False,90.88495003940875,44,44,43,1,,,False,105
stepped_shaft_0054__L2__anthropic__claude-opus-4-6__r1,success,anthropic,claude-opus-4-6,stepped_shaft_0054,stepped_shaft,L2,1,generate,full_44,1,0,5.658534049987793,1.4777798652648926,7.136436939239502,./reference_step files/stepped_shaft_0054.step,./.stepscore_harness_runs/final73_anthropic_run_02/jobs/stepped_shaft_0054__L2__anthropic__claude-opus-4-6__r1/attempt_01/generated.step,./.stepscore_harness_runs/final73_anthropic_run_02/jobs/stepped_shaft_0054__L2__anthropic__claude-opus-4-6__r1/result.json,0.8636363636363636,False,80.33023173288679,44,44,38,6,,,False,106
stepped_shaft_0054__L3__anthropic__claude-opus-4-6__r1,success,anthropic,claude-opus-4-6,stepped_shaft_0054,stepped_shaft,L3,1,generate,full_44,1,0,5.903972864151001,0.4989590644836426,6.403044939041138,./reference_step files/stepped_shaft_0054.step,./.stepscore_harness_runs/final73_anthropic_run_02/jobs/stepped_shaft_0054__L3__anthropic__claude-opus-4-6__r1/attempt_01/generated.step,./.stepscore_harness_runs/final73_anthropic_run_02/jobs/stepped_shaft_0054__L3__anthropic__claude-opus-4-6__r1/result.json,0.9772727272727273,False,90.88495013412366,44,44,43,1,,,False,107
